"FullName","Length","LastWriteTime"
"D:\01_사업_및_업무\디에스종합환경\ai학습용 1차\안티그래피티 참고용 샘플자료\01_BLOOD_DEATH\고독사, 자살(부패액)\after\AFTER_STRIPPED\KakaoTalk_20251112_141647466_28.jpg","2965615","2025-11-12 14:23:30"
"D:\01_사업_및_업무\디에스종합환경\ai학습용 1차\안티그래피티 참고용 샘플자료\01_BLOOD_DEATH\고독사, 자살(부패액)\after\AFTER_STRIPPED\KakaoTalk_20251112_141647466_23.jpg","3533140","2025-11-12 14:23:28"
"D:\01_사업_및_업무\디에스종합환경\ai학습용 1차\안티그래피티 참고용 샘플자료\01_BLOOD_DEATH\고독사, 자살(부패액)\after\AFTER_STRIPPED\KakaoTalk_20251112_141647466_24.jpg","3357050","2025-11-12 14:23:28"
"D:\01_사업_및_업무\디에스종합환경\ai학습용 1차\안티그래피티 참고용 샘플자료\01_BLOOD_DEATH\고독사, 자살(부패액)\after\AFTER_STRIPPED\KakaoTalk_20251112_141647466_25.jpg","3535992","2025-11-12 14:23:28"
"D:\01_사업_및_업무\디에스종합환경\ai학습용 1차\안티그래피티 참고용 샘플자료\01_BLOOD_DEATH\고독사, 자살(부패액)\after\AFTER_STRIPPED\KakaoTalk_20251112_141647466_26.jpg","3534882","2025-11-12 14:23:30"
"D:\01_사업_및_업무\디에스종합환경\ai학습용 1차\안티그래피티 참고용 샘플자료\01_BLOOD_DEATH\고독사, 자살(부패액)\after\AFTER_STRIPPED\KakaoTalk_20251112_141647466_27.jpg","3406654","2025-11-12 14:23:30"
"D:\01_사업_및_업무\디에스종합환경\ai학습용 1차\안티그래피티 참고용 샘플자료\01_BLOOD_DEATH\고독사, 자살(부패액)\after\AFTER_STRIPPED\KakaoTalk_20250827_171012688.jpg","2799834","2025-08-27 17:11:16"
"D:\01_사업_및_업무\디에스종합환경\ai학습용 1차\안티그래피티 참고용 샘플자료\01_BLOOD_DEATH\고독사, 자살(부패액)\after\AFTER_STRIPPED\KakaoTalk_20250827_171012688_01.jpg","3411434","2025-08-27 17:11:18"
"D:\01_사업_및_업무\디에스종합환경\ai학습용 1차\안티그래피티 참고용 샘플자료\01_BLOOD_DEATH\고독사, 자살(부패액)\after\AFTER_STRIPPED\KakaoTalk_20250827_171012688_03.jpg","2777369","2025-08-27 17:11:18"
"D:\01_사업_및_업무\디에스종합환경\ai학습용 1차\안티그래피티 참고용 샘플자료\01_BLOOD_DEATH\고독사, 자살(부패액)\after\AFTER_STRIPPED\KakaoTalk_20250827_171012688_04.jpg","2902250","2025-08-27 17:11:18"
"D:\01_사업_및_업무\디에스종합환경\ai학습용 1차\안티그래피티 참고용 샘플자료\01_BLOOD_DEATH\고독사, 자살(부패액)\after\AFTER_STRIPPED\KakaoTalk_20250827_171012688_05.jpg","3167710","2025-08-27 17:11:20"
"D:\01_사업_및_업무\디에스종합환경\ai학습용 1차\안티그래피티 참고용 샘플자료\01_BLOOD_DEATH\고독사, 자살(부패액)\after\AFTER_STRIPPED\KakaoTalk_20250309_215807825_09.jpg","4827654","2025-03-09 22:02:22"
"D:\01_사업_및_업무\디에스종합환경\ai학습용 1차\안티그래피티 참고용 샘플자료\01_BLOOD_DEATH\고독사, 자살(부패액)\after\AFTER_STRIPPED\KakaoTalk_20250309_215759152_29.jpg","4281316","2025-03-09 22:01:54"
"D:\01_사업_및_업무\디에스종합환경\ai학습용 1차\안티그래피티 참고용 샘플자료\01_BLOOD_DEATH\고독사, 자살(부패액)\after\AFTER_STRIPPED\KakaoTalk_20250309_215807825.jpg","4673462","2025-03-09 22:02:12"
"D:\01_사업_및_업무\디에스종합환경\ai학습용 1차\안티그래피티 참고용 샘플자료\01_BLOOD_DEATH\고독사, 자살(부패액)\after\AFTER_STRIPPED\KakaoTalk_20250309_215807825_01.jpg","4743133","2025-03-09 22:02:12"
"D:\01_사업_및_업무\디에스종합환경\ai학습용 1차\안티그래피티 참고용 샘플자료\01_BLOOD_DEATH\고독사, 자살(부패액)\after\AFTER_STRIPPED\KakaoTalk_20250309_215807825_02.jpg","3457133","2025-03-09 22:02:14"
"D:\01_사업_및_업무\디에스종합환경\ai학습용 1차\안티그래피티 참고용 샘플자료\01_BLOOD_DEATH\고독사, 자살(부패액)\after\AFTER_STRIPPED\KakaoTalk_20250309_215807825_03.jpg","3670453","2025-03-09 22:02:14"
"D:\01_사업_및_업무\디에스종합환경\ai학습용 1차\안티그래피티 참고용 샘플자료\01_BLOOD_DEATH\고독사, 자살(부패액)\after\AFTER_STRIPPED\KakaoTalk_20250309_215807825_04.jpg","4436065","2025-03-09 22:02:16"
"D:\01_사업_및_업무\디에스종합환경\ai학습용 1차\안티그래피티 참고용 샘플자료\01_BLOOD_DEATH\고독사, 자살(부패액)\after\AFTER_STRIPPED\KakaoTalk_20250309_215807825_05.jpg","4129008","2025-03-09 22:02:16"
"D:\01_사업_및_업무\디에스종합환경\ai학습용 1차\안티그래피티 참고용 샘플자료\01_BLOOD_DEATH\고독사, 자살(부패액)\after\AFTER_STRIPPED\KakaoTalk_20250309_215807825_06.jpg","4649049","2025-03-09 22:02:18"
"D:\01_사업_및_업무\디에스종합환경\ai학습용 1차\안티그래피티 참고용 샘플자료\01_BLOOD_DEATH\고독사, 자살(부패액)\after\AFTER_STRIPPED\KakaoTalk_20250309_215807825_07.jpg","4845143","2025-03-09 22:02:20"
"D:\01_사업_및_업무\디에스종합환경\ai학습용 1차\안티그래피티 참고용 샘플자료\01_BLOOD_DEATH\고독사, 자살(부패액)\after\AFTER_STRIPPED\KakaoTalk_20250309_215807825_08.jpg","4365583","2025-03-09 22:02:20"
"D:\01_사업_및_업무\디에스종합환경\ai학습용 1차\안티그래피티 참고용 샘플자료\01_BLOOD_DEATH\고독사, 자살(부패액)\after\AFTER_STRIPPED\KakaoTalk_20251108_213255535_01.jpg","1939135","2025-11-10 14:25:42"
"D:\01_사업_및_업무\디에스종합환경\ai학습용 1차\안티그래피티 참고용 샘플자료\01_BLOOD_DEATH\고독사, 자살(부패액)\after\AFTER_STRIPPED\KakaoTalk_20231005_125308087_17.jpg","2955066","2023-10-05 12:57:24"
"D:\01_사업_및_업무\디에스종합환경\ai학습용 1차\안티그래피티 참고용 샘플자료\01_BLOOD_DEATH\고독사, 자살(부패액)\after\AFTER_STRIPPED\KakaoTalk_20251108_213255535.jpg","2146290","2025-11-10 14:25:40"
"D:\01_사업_및_업무\디에스종합환경\ai학습용 1차\안티그래피티 참고용 샘플자료\01_BLOOD_DEATH\고독사, 자살(부패액)\after\AFTER_STRIPPED\KakaoTalk_20250714_172429780_01.jpg","3433021","2025-07-14 17:56:04"
"D:\01_사업_및_업무\디에스종합환경\ai학습용 1차\안티그래피티 참고용 샘플자료\01_BLOOD_DEATH\고독사, 자살(부패액)\after\AFTER_STRIPPED\KakaoTalk_20250714_172429780.jpg","2993167","2025-07-14 17:56:04"
"D:\01_사업_및_업무\디에스종합환경\ai학습용 1차\안티그래피티 참고용 샘플자료\01_BLOOD_DEATH\고독사, 자살(부패액)\before\KakaoTalk_20251112_141659540_17.jpg","3321355","2025-11-12 14:23:50"
"D:\01_사업_및_업무\디에스종합환경\ai학습용 1차\안티그래피티 참고용 샘플자료\01_BLOOD_DEATH\고독사, 자살(부패액)\before\KakaoTalk_20251112_141659540_18.jpg","2703795","2025-11-12 14:23:50"
"D:\01_사업_및_업무\디에스종합환경\ai학습용 1차\안티그래피티 참고용 샘플자료\01_BLOOD_DEATH\고독사, 자살(부패액)\before\KakaoTalk_20251112_141659540_19.jpg","3476661","2025-11-12 14:23:50"
"D:\01_사업_및_업무\디에스종합환경\ai학습용 1차\안티그래피티 참고용 샘플자료\01_BLOOD_DEATH\고독사, 자살(부패액)\before\KakaoTalk_20250825_140322036_23.jpg","3103812","2025-08-25 14:14:56"
"D:\01_사업_및_업무\디에스종합환경\ai학습용 1차\안티그래피티 참고용 샘플자료\01_BLOOD_DEATH\고독사, 자살(부패액)\before\KakaoTalk_20250825_140322036_03.jpg","3222447","2025-08-25 14:14:40"
"D:\01_사업_및_업무\디에스종합환경\ai학습용 1차\안티그래피티 참고용 샘플자료\01_BLOOD_DEATH\고독사, 자살(부패액)\before\KakaoTalk_20250825_140322036_06.jpg","3574501","2025-08-25 14:14:42"
"D:\01_사업_및_업무\디에스종합환경\ai학습용 1차\안티그래피티 참고용 샘플자료\01_BLOOD_DEATH\고독사, 자살(부패액)\before\KakaoTalk_20250825_140322036_07.jpg","3284341","2025-08-25 14:14:44"
"D:\01_사업_및_업무\디에스종합환경\ai학습용 1차\안티그래피티 참고용 샘플자료\01_BLOOD_DEATH\고독사, 자살(부패액)\before\KakaoTalk_20250825_140322036_08.jpg","3751182","2025-08-25 14:14:44"
"D:\01_사업_및_업무\디에스종합환경\ai학습용 1차\안티그래피티 참고용 샘플자료\01_BLOOD_DEATH\고독사, 자살(부패액)\before\KakaoTalk_20250825_140322036_12.jpg","3120060","2025-08-25 14:14:48"
"D:\01_사업_및_업무\디에스종합환경\ai학습용 1차\안티그래피티 참고용 샘플자료\01_BLOOD_DEATH\고독사, 자살(부패액)\before\KakaoTalk_20250825_140322036_14.jpg","3668098","2025-08-25 14:14:48"
"D:\01_사업_및_업무\디에스종합환경\ai학습용 1차\안티그래피티 참고용 샘플자료\01_BLOOD_DEATH\고독사, 자살(부패액)\before\KakaoTalk_20250825_140322036_16.jpg","3392267","2025-08-25 14:14:50"
"D:\01_사업_및_업무\디에스종합환경\ai학습용 1차\안티그래피티 참고용 샘플자료\01_BLOOD_DEATH\고독사, 자살(부패액)\before\KakaoTalk_20250825_140322036_17.jpg","3962534","2025-08-25 14:14:50"
"D:\01_사업_및_업무\디에스종합환경\ai학습용 1차\안티그래피티 참고용 샘플자료\01_BLOOD_DEATH\고독사, 자살(부패액)\before\KakaoTalk_20250827_171002248_22.jpg","3889836","2025-08-27 17:10:54"
"D:\01_사업_및_업무\디에스종합환경\ai학습용 1차\안티그래피티 참고용 샘플자료\01_BLOOD_DEATH\고독사, 자살(부패액)\before\KakaoTalk_20250827_171002248_02.jpg","4116591","2025-08-27 17:10:42"
"D:\01_사업_및_업무\디에스종합환경\ai학습용 1차\안티그래피티 참고용 샘플자료\01_BLOOD_DEATH\고독사, 자살(부패액)\before\KakaoTalk_20250827_171002248_19.jpg","4108220","2025-08-27 17:10:52"
"D:\01_사업_및_업무\디에스종합환경\ai학습용 1차\안티그래피티 참고용 샘플자료\01_BLOOD_DEATH\고독사, 자살(부패액)\before\KakaoTalk_20250827_171002248_20.jpg","3588398","2025-08-27 17:10:52"
"D:\01_사업_및_업무\디에스종합환경\ai학습용 1차\안티그래피티 참고용 샘플자료\01_BLOOD_DEATH\고독사, 자살(부패액)\before\KakaoTalk_20250827_171002248_21.jpg","3830906","2025-08-27 17:10:54"
"D:\01_사업_및_업무\디에스종합환경\ai학습용 1차\안티그래피티 참고용 샘플자료\01_BLOOD_DEATH\고독사, 자살(부패액)\before\KakaoTalk_20240103_140204820_02.jpg","3726881","2024-01-03 14:07:08"
"D:\01_사업_및_업무\디에스종합환경\ai학습용 1차\안티그래피티 참고용 샘플자료\01_BLOOD_DEATH\고독사, 자살(부패액)\before\KakaoTalk_20240103_140204820_03.jpg","3284595","2024-01-03 14:07:10"
"D:\01_사업_및_업무\디에스종합환경\ai학습용 1차\안티그래피티 참고용 샘플자료\01_BLOOD_DEATH\고독사, 자살(부패액)\before\KakaoTalk_20240103_140204820_04.jpg","3859866","2024-01-03 14:07:10"
"D:\01_사업_및_업무\디에스종합환경\ai학습용 1차\안티그래피티 참고용 샘플자료\01_BLOOD_DEATH\고독사, 자살(부패액)\before\KakaoTalk_20240103_140204820_06.jpg","3283761","2024-01-03 14:07:10"
"D:\01_사업_및_업무\디에스종합환경\ai학습용 1차\안티그래피티 참고용 샘플자료\01_BLOOD_DEATH\고독사, 자살(부패액)\before\KakaoTalk_20240103_140204820_07.jpg","3381832","2024-01-03 14:07:12"
"D:\01_사업_및_업무\디에스종합환경\ai학습용 1차\안티그래피티 참고용 샘플자료\01_BLOOD_DEATH\고독사, 자살(부패액)\before\123.jpg","1683055","2024-02-12 09:21:36"
"D:\01_사업_및_업무\디에스종합환경\ai학습용 1차\안티그래피티 참고용 샘플자료\01_BLOOD_DEATH\고독사, 자살(부패액)\before\KakaoTalk_20240103_140204820_05.jpg","4686092","2024-10-31 15:32:16"
"D:\01_사업_및_업무\디에스종합환경\ai학습용 1차\안티그래피티 참고용 샘플자료\01_BLOOD_DEATH\고독사, 자살(부패액)\before\[꾸미기]KakaoTalk_20240427_154909183_05.jpg","4821245","2024-04-27 15:58:42"
"D:\01_사업_및_업무\디에스종합환경\ai학습용 1차\안티그래피티 참고용 샘플자료\01_BLOOD_DEATH\고독사, 자살(부패액)\before\[회전]KakaoTalk_20250801_190637367_05.jpg","5415996","2025-08-01 19:23:08"
"D:\01_사업_및_업무\디에스종합환경\ai학습용 1차\안티그래피티 참고용 샘플자료\01_BLOOD_DEATH\고독사, 자살(부패액)\before\[회전]KakaoTalk_20250801_190637367_08.jpg","4724753","2025-08-01 19:23:10"
"D:\01_사업_및_업무\디에스종합환경\ai학습용 1차\안티그래피티 참고용 샘플자료\01_BLOOD_DEATH\고독사, 자살(부패액)\before\KakaoTalk_20250714_172417970_02.jpg","3433287","2025-07-14 17:55:46"
"D:\01_사업_및_업무\디에스종합환경\ai학습용 1차\안티그래피티 참고용 샘플자료\01_BLOOD_DEATH\고독사, 자살(부패액)\before\KakaoTalk_20250714_172339964.mp4","1101084","2025-07-14 17:54:24"
"D:\01_사업_및_업무\디에스종합환경\ai학습용 1차\안티그래피티 참고용 샘플자료\01_BLOOD_DEATH\고독사, 자살(부패액)\before\KakaoTalk_20250714_172406670_01.jpg","2931604","2025-07-14 17:55:16"
"D:\01_사업_및_업무\디에스종합환경\ai학습용 1차\안티그래피티 참고용 샘플자료\01_BLOOD_DEATH\고독사, 자살(부패액)\before\KakaoTalk_20250714_172406670_03.jpg","3058430","2025-07-14 17:55:18"
"D:\01_사업_및_업무\디에스종합환경\ai학습용 1차\안티그래피티 참고용 샘플자료\01_BLOOD_DEATH\고독사, 자살(부패액)\before\KakaoTalk_20250714_172406670_06.jpg","2251603","2025-07-14 17:55:20"
"D:\01_사업_및_업무\디에스종합환경\ai학습용 1차\안티그래피티 참고용 샘플자료\01_BLOOD_DEATH\고독사, 자살(부패액)\before\KakaoTalk_20250714_172406670_26.jpg","3057372","2025-07-14 17:55:22"
"D:\01_사업_및_업무\디에스종합환경\ai학습용 1차\안티그래피티 참고용 샘플자료\01_BLOOD_DEATH\고독사, 자살(부패액)\before\KakaoTalk_20250714_172406670_27.jpg","3155098","2025-07-14 17:55:22"
"D:\01_사업_및_업무\디에스종합환경\ai학습용 1차\안티그래피티 참고용 샘플자료\01_BLOOD_DEATH\고독사, 자살(부패액)\before\KakaoTalk_20250714_172417970.jpg","3048527","2025-07-14 17:55:46"
"D:\01_사업_및_업무\디에스종합환경\ai학습용 1차\안티그래피티 참고용 샘플자료\01_BLOOD_DEATH\고독사, 자살(부패액)\before\KakaoTalk_20250714_172417970_01.jpg","3131590","2025-07-14 17:55:46"
"D:\01_사업_및_업무\디에스종합환경\ai학습용 1차\안티그래피티 참고용 샘플자료\01_BLOOD_DEATH\고독사, 자살(부패액)\before\SUICIDE_METHOD_CO\KakaoTalk_20250309_215759152_12.jpg","4353510","2025-03-09 22:01:34"
"D:\01_사업_및_업무\디에스종합환경\ai학습용 1차\안티그래피티 참고용 샘플자료\01_BLOOD_DEATH\고독사, 자살(부패액)\before\SUICIDE_METHOD_CO\KakaoTalk_20250309_215759152_06.jpg","4383317","2025-03-09 22:01:28"
"D:\01_사업_및_업무\디에스종합환경\ai학습용 1차\안티그래피티 참고용 샘플자료\01_BLOOD_DEATH\고독사, 자살(부패액)\before\SUICIDE_METHOD_CO\KakaoTalk_20250309_215759152_07.jpg","4292527","2025-03-09 22:01:30"
"D:\01_사업_및_업무\디에스종합환경\ai학습용 1차\안티그래피티 참고용 샘플자료\01_BLOOD_DEATH\고독사, 자살(부패액)\before\SUICIDE_METHOD_CO\KakaoTalk_20250309_215759152_11.jpg","4510765","2025-03-09 22:01:34"
"D:\01_사업_및_업무\디에스종합환경\ai학습용 1차\안티그래피티 참고용 샘플자료\01_BLOOD_DEATH\고독사, 자살(부패액)\before\SUICIDE_METHOD_CO\KakaoTalk_20231005_125308087_02.jpg","3130524","2023-10-05 12:56:58"
"D:\01_사업_및_업무\디에스종합환경\ai학습용 1차\안티그래피티 참고용 샘플자료\01_BLOOD_DEATH\고독사, 자살(부패액)\before\SUICIDE_METHOD_CO\KakaoTalk_20231005_125308087_03.jpg","3676800","2023-10-05 12:57:00"
"D:\01_사업_및_업무\디에스종합환경\ai학습용 1차\안티그래피티 참고용 샘플자료\01_BLOOD_DEATH\고독사, 자살(부패액)\before\SUICIDE_METHOD_CO\KakaoTalk_20231005_125308087_04.jpg","4142016","2023-10-05 12:57:02"
"D:\01_사업_및_업무\디에스종합환경\ai학습용 1차\안티그래피티 참고용 샘플자료\01_BLOOD_DEATH\고독사, 자살(부패액)\before\SUICIDE_METHOD_CO\KakaoTalk_20231005_125308087_05.jpg","4214330","2023-10-05 12:57:02"
"D:\01_사업_및_업무\디에스종합환경\ai학습용 1차\안티그래피티 참고용 샘플자료\01_BLOOD_DEATH\고독사, 자살(부패액)\before\SUICIDE_METHOD_CO\KakaoTalk_20231005_125308087_08.jpg","3160066","2023-10-05 12:57:08"
"D:\01_사업_및_업무\디에스종합환경\ai학습용 1차\안티그래피티 참고용 샘플자료\01_BLOOD_DEATH\고독사, 자살(부패액)\before\SUICIDE_METHOD_CO\1.jpg","4450215","2023-11-13 13:19:48"
"D:\01_사업_및_업무\디에스종합환경\ai학습용 1차\안티그래피티 참고용 샘플자료\01_BLOOD_DEATH\고독사, 자살(부패액)\before\SUICIDE_METHOD_CO\123.jpg","1705983","2024-02-12 09:16:08"
"D:\01_사업_및_업무\디에스종합환경\ai학습용 1차\안티그래피티 참고용 샘플자료\01_BLOOD_DEATH\고독사, 자살(부패액)\before\SUICIDE_METHOD_CO\KakaoTalk_20231005_125308087_01.jpg","3684751","2023-10-05 12:56:56"
"D:\01_사업_및_업무\디에스종합환경\ai학습용 1차\안티그래피티 참고용 샘플자료\01_BLOOD_DEATH\고독사, 자살(부패액)\before\SUICIDE_METHOD_CO\KakaoTalk_20240407_083933584_02.jpg","3293698","2024-04-07 08:45:24"
"D:\01_사업_및_업무\디에스종합환경\ai학습용 1차\안티그래피티 참고용 샘플자료\01_BLOOD_DEATH\고독사, 자살(부패액)\before\INSECT\KakaoTalk_20240818_132027940_06.jpg","4452840","2024-08-18 13:21:32"
"D:\01_사업_및_업무\디에스종합환경\ai학습용 1차\안티그래피티 참고용 샘플자료\01_BLOOD_DEATH\고독사, 자살(부패액)\before\INSECT\KakaoTalk_20240818_132059640_03.jpg","3459263","2024-08-18 13:22:16"
"D:\01_사업_및_업무\디에스종합환경\ai학습용 1차\안티그래피티 참고용 샘플자료\01_BLOOD_DEATH\고독사, 자살(부패액)\before\INSECT\KakaoTalk_20240818_132059640_04.jpg","4690072","2024-08-18 13:22:18"
"D:\01_사업_및_업무\디에스종합환경\ai학습용 1차\안티그래피티 참고용 샘플자료\01_BLOOD_DEATH\고독사, 자살(부패액)\before\INSECT\KakaoTalk_20240818_132059640_17.jpg","3349923","2024-08-18 13:22:28"
"D:\01_사업_및_업무\디에스종합환경\ai학습용 1차\안티그래피티 참고용 샘플자료\01_BLOOD_DEATH\고독사, 자살(부패액)\before\INSECT\KakaoTalk_20250714_172417970_06.jpg","3500493","2025-07-14 17:55:46"
"D:\01_사업_및_업무\디에스종합환경\ai학습용 1차\안티그래피티 참고용 샘플자료\01_BLOOD_DEATH\고독사, 자살(부패액)\before\INSECT\KakaoTalk_20250714_172417970_07.jpg","3876303","2025-07-14 17:55:46"
"D:\01_사업_및_업무\디에스종합환경\ai학습용 1차\안티그래피티 참고용 샘플자료\01_BLOOD_DEATH\고독사, 자살(부패액)\before\INSECT\KakaoTalk_20250714_172343950.mp4","3915768","2025-07-14 17:54:26"
"D:\01_사업_및_업무\디에스종합환경\ai학습용 1차\안티그래피티 참고용 샘플자료\01_BLOOD_DEATH\고독사, 자살(부패액)\before\INSECT\KakaoTalk_20250714_172406670_13.jpg","3931928","2025-07-14 17:55:20"
"D:\01_사업_및_업무\디에스종합환경\ai학습용 1차\안티그래피티 참고용 샘플자료\01_BLOOD_DEATH\고독사, 자살(부패액)\before\INSECT\KakaoTalk_20250714_172406670_14.jpg","3088795","2025-07-14 17:55:20"
"D:\01_사업_및_업무\디에스종합환경\ai학습용 1차\안티그래피티 참고용 샘플자료\01_BLOOD_DEATH\고독사, 자살(부패액)\before\INSECT\KakaoTalk_20250714_172406670_15.jpg","3305285","2025-07-14 17:55:20"
"D:\01_사업_및_업무\디에스종합환경\ai학습용 1차\안티그래피티 참고용 샘플자료\01_BLOOD_DEATH\고독사, 자살(부패액)\before\INSECT\KakaoTalk_20250714_172406670_16.jpg","4037193","2025-07-14 17:55:20"
"D:\01_사업_및_업무\디에스종합환경\ai학습용 1차\안티그래피티 참고용 샘플자료\01_BLOOD_DEATH\고독사, 자살(부패액)\before\INSECT\KakaoTalk_20250714_172417970_05.jpg","5250815","2025-07-14 18:13:58"
"D:\01_사업_및_업무\디에스종합환경\ai학습용 1차\안티그래피티 참고용 샘플자료\01_BLOOD_DEATH\고독사, 자살(부패액)\during\[꾸미기]KakaoTalk_20240427_154936203_14.jpg","4437292","2024-04-27 16:00:54"
"D:\01_사업_및_업무\디에스종합환경\ai학습용 1차\안티그래피티 참고용 샘플자료\01_BLOOD_DEATH\고독사, 자살(부패액)\during\[꾸미기]KakaoTalk_20240427_154909183_25.jpg","4298555","2024-04-27 16:00:56"
"D:\01_사업_및_업무\디에스종합환경\ai학습용 1차\안티그래피티 참고용 샘플자료\01_BLOOD_DEATH\고독사, 자살(부패액)\during\[꾸미기]KakaoTalk_20240427_154936203_10.jpg","5059470","2024-04-27 16:00:58"
"D:\01_사업_및_업무\디에스종합환경\ai학습용 1차\안티그래피티 참고용 샘플자료\01_BLOOD_DEATH\고독사, 자살(부패액)\during\[꾸미기]KakaoTalk_20240427_154936203_11.jpg","4694259","2024-04-27 16:01:00"
"D:\01_사업_및_업무\디에스종합환경\ai학습용 1차\안티그래피티 참고용 샘플자료\01_BLOOD_DEATH\고독사, 자살(부패액)\during\[꾸미기]KakaoTalk_20240427_154936203_13.jpg","4281770","2024-04-27 16:01:02"
"D:\01_사업_및_업무\디에스종합환경\ai학습용 1차\안티그래피티 참고용 샘플자료\01_BLOOD_DEATH\강력범죄현장 등(혈흔)\before\KakaoTalk_20230803_075410750_13.jpg","4178729","2023-08-03 07:56:58"
"D:\01_사업_및_업무\디에스종합환경\ai학습용 1차\안티그래피티 참고용 샘플자료\01_BLOOD_DEATH\강력범죄현장 등(혈흔)\before\KakaoTalk_20230803_075410750_22.jpg","2265495","2023-08-03 07:57:12"
"D:\01_사업_및_업무\디에스종합환경\ai학습용 1차\안티그래피티 참고용 샘플자료\01_BLOOD_DEATH\강력범죄현장 등(혈흔)\before\123.jpg","1837765","2024-02-12 09:12:02"
"D:\01_사업_및_업무\디에스종합환경\ai학습용 1차\안티그래피티 참고용 샘플자료\01_BLOOD_DEATH\강력범죄현장 등(혈흔)\before\KakaoTalk_20230803_075410750_09.jpg","3513991","2023-08-03 07:56:52"
"D:\01_사업_및_업무\디에스종합환경\ai학습용 1차\안티그래피티 참고용 샘플자료\01_BLOOD_DEATH\강력범죄현장 등(혈흔)\before\KakaoTalk_20230803_075410750_10.jpg","3253437","2023-08-03 07:56:52"
"D:\01_사업_및_업무\디에스종합환경\ai학습용 1차\안티그래피티 참고용 샘플자료\01_BLOOD_DEATH\강력범죄현장 등(혈흔)\before\KakaoTalk_20230803_075410750_11.jpg","3100918","2023-08-03 07:56:54"
"D:\01_사업_및_업무\디에스종합환경\ai학습용 1차\안티그래피티 참고용 샘플자료\01_BLOOD_DEATH\강력범죄현장 등(혈흔)\before\KakaoTalk_20240427_154936203_01.jpg","3383346","2024-04-27 15:51:18"
"D:\01_사업_및_업무\디에스종합환경\ai학습용 1차\안티그래피티 참고용 샘플자료\01_BLOOD_DEATH\강력범죄현장 등(혈흔)\before\KakaoTalk_20240427_154936203_02.jpg","3351038","2024-04-27 15:51:18"
"D:\01_사업_및_업무\디에스종합환경\ai학습용 1차\안티그래피티 참고용 샘플자료\01_BLOOD_DEATH\강력범죄현장 등(혈흔)\before\KakaoTalk_20240427_154909183_18.jpg","3346105","2024-04-27 15:50:54"
"D:\01_사업_및_업무\디에스종합환경\ai학습용 1차\안티그래피티 참고용 샘플자료\01_BLOOD_DEATH\강력범죄현장 등(혈흔)\before\KakaoTalk_20240710_133021996_16.jpg","4227153","2024-07-10 13:32:54"
"D:\01_사업_및_업무\디에스종합환경\ai학습용 1차\안티그래피티 참고용 샘플자료\01_BLOOD_DEATH\강력범죄현장 등(혈흔)\before\KakaoTalk_20240710_133021996.jpg","3760592","2024-07-10 13:32:48"
"D:\01_사업_및_업무\디에스종합환경\ai학습용 1차\안티그래피티 참고용 샘플자료\01_BLOOD_DEATH\강력범죄현장 등(혈흔)\before\KakaoTalk_20240710_133021996_01.jpg","5087493","2024-07-10 13:32:48"
"D:\01_사업_및_업무\디에스종합환경\ai학습용 1차\안티그래피티 참고용 샘플자료\01_BLOOD_DEATH\강력범죄현장 등(혈흔)\before\KakaoTalk_20240710_133021996_02.jpg","3483752","2024-07-10 13:32:48"
"D:\01_사업_및_업무\디에스종합환경\ai학습용 1차\안티그래피티 참고용 샘플자료\01_BLOOD_DEATH\강력범죄현장 등(혈흔)\before\KakaoTalk_20240710_133021996_03.jpg","3457165","2024-07-10 13:32:48"
"D:\01_사업_및_업무\디에스종합환경\ai학습용 1차\안티그래피티 참고용 샘플자료\01_BLOOD_DEATH\강력범죄현장 등(혈흔)\before\KakaoTalk_20240710_133021996_04.jpg","3485083","2024-07-10 13:32:48"
"D:\01_사업_및_업무\디에스종합환경\ai학습용 1차\안티그래피티 참고용 샘플자료\01_BLOOD_DEATH\강력범죄현장 등(혈흔)\before\KakaoTalk_20240710_133021996_06.jpg","4590143","2024-07-10 13:32:48"
"D:\01_사업_및_업무\디에스종합환경\ai학습용 1차\안티그래피티 참고용 샘플자료\01_BLOOD_DEATH\강력범죄현장 등(혈흔)\before\KakaoTalk_20240710_133021996_07.jpg","4243067","2024-07-10 13:32:48"
"D:\01_사업_및_업무\디에스종합환경\ai학습용 1차\안티그래피티 참고용 샘플자료\01_BLOOD_DEATH\강력범죄현장 등(혈흔)\before\KakaoTalk_20240710_133021996_08.jpg","4358726","2024-07-10 13:32:50"
"D:\01_사업_및_업무\디에스종합환경\ai학습용 1차\안티그래피티 참고용 샘플자료\01_BLOOD_DEATH\강력범죄현장 등(혈흔)\before\KakaoTalk_20240710_133021996_10.jpg","3895851","2024-07-10 13:32:50"
"D:\01_사업_및_업무\디에스종합환경\ai학습용 1차\안티그래피티 참고용 샘플자료\01_BLOOD_DEATH\강력범죄현장 등(혈흔)\before\KakaoTalk_20240710_133021996_22.jpg","2127183","2024-07-10 13:32:56"
"D:\01_사업_및_업무\디에스종합환경\ai학습용 1차\안티그래피티 참고용 샘플자료\01_BLOOD_DEATH\강력범죄현장 등(혈흔)\before\KakaoTalk_20240710_133021996_21.jpg","2680067","2024-07-10 13:32:56"
"D:\01_사업_및_업무\디에스종합환경\ai학습용 1차\안티그래피티 참고용 샘플자료\01_BLOOD_DEATH\강력범죄현장 등(혈흔)\before\KakaoTalk_20250210_092547582_10.jpg","4171808","2025-02-10 09:26:20"
"D:\01_사업_및_업무\디에스종합환경\ai학습용 1차\안티그래피티 참고용 샘플자료\01_BLOOD_DEATH\강력범죄현장 등(혈흔)\before\KakaoTalk_20250210_092547582_22.jpg","4421468","2025-02-10 09:26:32"
"D:\01_사업_및_업무\디에스종합환경\ai학습용 1차\안티그래피티 참고용 샘플자료\01_BLOOD_DEATH\강력범죄현장 등(혈흔)\before\KakaoTalk_20250210_092547582_29.jpg","4270610","2025-02-10 09:26:40"
"D:\01_사업_및_업무\디에스종합환경\ai학습용 1차\안티그래피티 참고용 샘플자료\01_BLOOD_DEATH\강력범죄현장 등(혈흔)\before\KakaoTalk_20250210_092547582_05.jpg","4009798","2025-02-10 09:26:14"
"D:\01_사업_및_업무\디에스종합환경\ai학습용 1차\안티그래피티 참고용 샘플자료\01_BLOOD_DEATH\강력범죄현장 등(혈흔)\before\KakaoTalk_20240413_141840568_17.jpg","6878006","2024-10-31 15:23:48"
"D:\01_사업_및_업무\디에스종합환경\ai학습용 1차\안티그래피티 참고용 샘플자료\01_BLOOD_DEATH\강력범죄현장 등(혈흔)\before\KakaoTalk_20240413_141840568_18.jpg","3936448","2024-04-13 14:19:12"
"D:\01_사업_및_업무\디에스종합환경\ai학습용 1차\안티그래피티 참고용 샘플자료\01_BLOOD_DEATH\강력범죄현장 등(혈흔)\before\KakaoTalk_20240413_141840568_19.jpg","3554055","2024-04-13 14:19:14"
"D:\01_사업_및_업무\디에스종합환경\ai학습용 1차\안티그래피티 참고용 샘플자료\01_BLOOD_DEATH\강력범죄현장 등(혈흔)\before\KakaoTalk_20240413_141840568_20.jpg","3195339","2024-04-13 14:19:14"
"D:\01_사업_및_업무\디에스종합환경\ai학습용 1차\안티그래피티 참고용 샘플자료\01_BLOOD_DEATH\강력범죄현장 등(혈흔)\before\KakaoTalk_20240413_141840568_11.jpg","6976530","2024-10-31 15:25:36"
"D:\01_사업_및_업무\디에스종합환경\ai학습용 1차\안티그래피티 참고용 샘플자료\01_BLOOD_DEATH\강력범죄현장 등(혈흔)\before\KakaoTalk_20240413_141840568_16.jpg","3328076","2024-04-13 14:19:12"
"D:\01_사업_및_업무\디에스종합환경\ai학습용 1차\안티그래피티 참고용 샘플자료\01_BLOOD_DEATH\강력범죄현장 등(혈흔)\before\KakaoTalk_20250203_123109017_13.jpg","3942862","2025-02-03 12:32:44"
"D:\01_사업_및_업무\디에스종합환경\ai학습용 1차\안티그래피티 참고용 샘플자료\01_BLOOD_DEATH\강력범죄현장 등(혈흔)\before\KakaoTalk_20250203_123109017_02.jpg","4048286","2025-02-03 12:32:34"
"D:\01_사업_및_업무\디에스종합환경\ai학습용 1차\안티그래피티 참고용 샘플자료\01_BLOOD_DEATH\강력범죄현장 등(혈흔)\before\KakaoTalk_20250203_123109017_03.jpg","3863089","2025-02-03 12:32:36"
"D:\01_사업_및_업무\디에스종합환경\ai학습용 1차\안티그래피티 참고용 샘플자료\01_BLOOD_DEATH\강력범죄현장 등(혈흔)\before\KakaoTalk_20250203_123109017_05.jpg","4078098","2025-02-03 12:32:38"
"D:\01_사업_및_업무\디에스종합환경\ai학습용 1차\안티그래피티 참고용 샘플자료\01_BLOOD_DEATH\강력범죄현장 등(혈흔)\before\KakaoTalk_20250203_123109017_06.jpg","4316793","2025-02-03 12:32:38"
"D:\01_사업_및_업무\디에스종합환경\ai학습용 1차\안티그래피티 참고용 샘플자료\01_BLOOD_DEATH\강력범죄현장 등(혈흔)\before\KakaoTalk_20250203_123109017_07.jpg","4285083","2025-02-03 12:32:38"
"D:\01_사업_및_업무\디에스종합환경\ai학습용 1차\안티그래피티 참고용 샘플자료\01_BLOOD_DEATH\강력범죄현장 등(혈흔)\before\KakaoTalk_20250203_123109017_08.jpg","4059638","2025-02-03 12:32:40"
"D:\01_사업_및_업무\디에스종합환경\ai학습용 1차\안티그래피티 참고용 샘플자료\01_BLOOD_DEATH\강력범죄현장 등(혈흔)\before\KakaoTalk_20250203_123109017_09.jpg","4517346","2025-02-03 12:32:40"
"D:\01_사업_및_업무\디에스종합환경\ai학습용 1차\안티그래피티 참고용 샘플자료\01_BLOOD_DEATH\강력범죄현장 등(혈흔)\before\KakaoTalk_20250203_123109017_10.jpg","4449404","2025-02-03 12:32:42"
"D:\01_사업_및_업무\디에스종합환경\ai학습용 1차\안티그래피티 참고용 샘플자료\01_BLOOD_DEATH\강력범죄현장 등(혈흔)\before\KakaoTalk_20250203_123109017_11.jpg","3839493","2025-02-03 12:32:42"
"D:\01_사업_및_업무\디에스종합환경\ai학습용 1차\안티그래피티 참고용 샘플자료\01_BLOOD_DEATH\강력범죄현장 등(혈흔)\before\[회전]KakaoTalk_20260223_125433114_19.jpg","4544601","2026-02-23 15:35:32"
"D:\01_사업_및_업무\디에스종합환경\ai학습용 1차\안티그래피티 참고용 샘플자료\01_BLOOD_DEATH\강력범죄현장 등(혈흔)\before\[회전]KakaoTalk_20260223_125450273_11.jpg","4645192","2026-02-23 15:35:40"
"D:\01_사업_및_업무\디에스종합환경\ai학습용 1차\안티그래피티 참고용 샘플자료\01_BLOOD_DEATH\강력범죄현장 등(혈흔)\before\[회전]KakaoTalk_20260223_125450273_14.jpg","4018352","2026-02-23 15:35:42"
"D:\01_사업_및_업무\디에스종합환경\ai학습용 1차\안티그래피티 참고용 샘플자료\01_BLOOD_DEATH\강력범죄현장 등(혈흔)\before\KakaoTalk_20260223_125413754_16.jpg","2530548","2026-02-23 12:56:52"
"D:\01_사업_및_업무\디에스종합환경\ai학습용 1차\안티그래피티 참고용 샘플자료\01_BLOOD_DEATH\강력범죄현장 등(혈흔)\before\KakaoTalk_20260223_125413754_17.jpg","2829020","2026-02-23 12:56:52"
"D:\01_사업_및_업무\디에스종합환경\ai학습용 1차\안티그래피티 참고용 샘플자료\01_BLOOD_DEATH\강력범죄현장 등(혈흔)\before\KakaoTalk_20260223_125413754_18.jpg","3321533","2026-02-23 12:56:52"
"D:\01_사업_및_업무\디에스종합환경\ai학습용 1차\안티그래피티 참고용 샘플자료\01_BLOOD_DEATH\강력범죄현장 등(혈흔)\before\KakaoTalk_20260223_125413754_19.jpg","3472417","2026-02-23 12:56:54"
"D:\01_사업_및_업무\디에스종합환경\ai학습용 1차\안티그래피티 참고용 샘플자료\01_BLOOD_DEATH\강력범죄현장 등(혈흔)\before\KakaoTalk_20260223_125413754_20.jpg","3044345","2026-02-23 12:56:54"
"D:\01_사업_및_업무\디에스종합환경\ai학습용 1차\안티그래피티 참고용 샘플자료\01_BLOOD_DEATH\강력범죄현장 등(혈흔)\before\KakaoTalk_20260223_125413754_23.jpg","3402165","2026-02-23 12:56:56"
"D:\01_사업_및_업무\디에스종합환경\ai학습용 1차\안티그래피티 참고용 샘플자료\01_BLOOD_DEATH\강력범죄현장 등(혈흔)\before\KakaoTalk_20260223_125413754_25.jpg","3249879","2026-02-23 12:56:58"
"D:\01_사업_및_업무\디에스종합환경\ai학습용 1차\안티그래피티 참고용 샘플자료\01_BLOOD_DEATH\강력범죄현장 등(혈흔)\before\KakaoTalk_20260223_125413754_26.jpg","3182036","2026-02-23 12:57:00"
"D:\01_사업_및_업무\디에스종합환경\ai학습용 1차\안티그래피티 참고용 샘플자료\01_BLOOD_DEATH\강력범죄현장 등(혈흔)\before\KakaoTalk_20260223_125413754_27.jpg","3293874","2026-02-23 12:57:00"
"D:\01_사업_및_업무\디에스종합환경\ai학습용 1차\안티그래피티 참고용 샘플자료\01_BLOOD_DEATH\강력범죄현장 등(혈흔)\before\KakaoTalk_20260223_125413754_28.jpg","3271686","2026-02-23 12:57:00"
"D:\01_사업_및_업무\디에스종합환경\ai학습용 1차\안티그래피티 참고용 샘플자료\01_BLOOD_DEATH\강력범죄현장 등(혈흔)\before\KakaoTalk_20260223_125433114_02.jpg","3644486","2026-02-23 12:57:18"
"D:\01_사업_및_업무\디에스종합환경\ai학습용 1차\안티그래피티 참고용 샘플자료\01_BLOOD_DEATH\강력범죄현장 등(혈흔)\before\KakaoTalk_20260223_125433114_03.jpg","3314724","2026-02-23 12:57:20"
"D:\01_사업_및_업무\디에스종합환경\ai학습용 1차\안티그래피티 참고용 샘플자료\01_BLOOD_DEATH\강력범죄현장 등(혈흔)\before\KakaoTalk_20260223_125433114_04.jpg","3490629","2026-02-23 12:57:22"
"D:\01_사업_및_업무\디에스종합환경\ai학습용 1차\안티그래피티 참고용 샘플자료\01_BLOOD_DEATH\강력범죄현장 등(혈흔)\before\KakaoTalk_20260223_125433114_05.jpg","3398098","2026-02-23 12:57:24"
"D:\01_사업_및_업무\디에스종합환경\ai학습용 1차\안티그래피티 참고용 샘플자료\01_BLOOD_DEATH\강력범죄현장 등(혈흔)\before\KakaoTalk_20260223_125433114_07.jpg","3348602","2026-02-23 12:57:26"
"D:\01_사업_및_업무\디에스종합환경\ai학습용 1차\안티그래피티 참고용 샘플자료\01_BLOOD_DEATH\강력범죄현장 등(혈흔)\before\KakaoTalk_20260223_125433114_08.jpg","3196574","2026-02-23 12:57:26"
"D:\01_사업_및_업무\디에스종합환경\ai학습용 1차\안티그래피티 참고용 샘플자료\01_BLOOD_DEATH\강력범죄현장 등(혈흔)\before\KakaoTalk_20260223_125433114_09.jpg","3205909","2026-02-23 12:57:26"
"D:\01_사업_및_업무\디에스종합환경\ai학습용 1차\안티그래피티 참고용 샘플자료\01_BLOOD_DEATH\강력범죄현장 등(혈흔)\before\KakaoTalk_20260223_125433114_10.jpg","3363811","2026-02-23 12:57:28"
"D:\01_사업_및_업무\디에스종합환경\ai학습용 1차\안티그래피티 참고용 샘플자료\01_BLOOD_DEATH\강력범죄현장 등(혈흔)\before\KakaoTalk_20260223_125433114_13.jpg","3637789","2026-02-23 12:57:30"
"D:\01_사업_및_업무\디에스종합환경\ai학습용 1차\안티그래피티 참고용 샘플자료\01_BLOOD_DEATH\강력범죄현장 등(혈흔)\before\KakaoTalk_20260223_125433114_14.jpg","3121876","2026-02-23 12:57:30"
"D:\01_사업_및_업무\디에스종합환경\ai학습용 1차\안티그래피티 참고용 샘플자료\01_BLOOD_DEATH\강력범죄현장 등(혈흔)\before\KakaoTalk_20260223_125433114_15.jpg","3264473","2026-02-23 12:57:32"
"D:\01_사업_및_업무\디에스종합환경\ai학습용 1차\안티그래피티 참고용 샘플자료\01_BLOOD_DEATH\강력범죄현장 등(혈흔)\before\KakaoTalk_20260223_125433114_18.jpg","3460215","2026-02-23 12:57:34"
"D:\01_사업_및_업무\디에스종합환경\ai학습용 1차\안티그래피티 참고용 샘플자료\01_BLOOD_DEATH\강력범죄현장 등(혈흔)\before\KakaoTalk_20260223_125433114_20.jpg","2838574","2026-02-23 12:57:36"
"D:\01_사업_및_업무\디에스종합환경\ai학습용 1차\안티그래피티 참고용 샘플자료\01_BLOOD_DEATH\강력범죄현장 등(혈흔)\before\KakaoTalk_20260223_125450273_19.jpg","3367301","2026-02-23 12:58:16"
"D:\01_사업_및_업무\디에스종합환경\ai학습용 1차\안티그래피티 참고용 샘플자료\01_BLOOD_DEATH\강력범죄현장 등(혈흔)\before\KakaoTalk_20260223_125506778_22.jpg","3712775","2026-02-23 12:58:52"
"D:\01_사업_및_업무\디에스종합환경\ai학습용 1차\안티그래피티 참고용 샘플자료\01_BLOOD_DEATH\강력범죄현장 등(혈흔)\before\KakaoTalk_20260223_125506778_23.jpg","4076101","2026-02-23 12:58:52"
"D:\01_사업_및_업무\디에스종합환경\ai학습용 1차\안티그래피티 참고용 샘플자료\01_BLOOD_DEATH\강력범죄현장 등(혈흔)\before\KakaoTalk_20260223_125506778_24.jpg","4380074","2026-02-23 12:58:52"
"D:\01_사업_및_업무\디에스종합환경\ai학습용 1차\안티그래피티 참고용 샘플자료\01_BLOOD_DEATH\강력범죄현장 등(혈흔)\before\[회전]KakaoTalk_20260223_125433114_11.jpg","4154313","2026-02-23 15:35:28"
"D:\01_사업_및_업무\디에스종합환경\ai학습용 1차\안티그래피티 참고용 샘플자료\01_BLOOD_DEATH\강력범죄현장 등(혈흔)\during\KakaoTalk_20230803_075410750_23.jpg","3432892","2023-08-03 07:57:14"
"D:\01_사업_및_업무\디에스종합환경\ai학습용 1차\안티그래피티 참고용 샘플자료\01_BLOOD_DEATH\강력범죄현장 등(혈흔)\during\KakaoTalk_20230803_075410750_15.jpg","3090568","2023-08-03 07:57:00"
"D:\01_사업_및_업무\디에스종합환경\ai학습용 1차\안티그래피티 참고용 샘플자료\01_BLOOD_DEATH\강력범죄현장 등(혈흔)\during\KakaoTalk_20230803_075410750_21.jpg","3709699","2023-08-03 07:57:10"
"D:\01_사업_및_업무\디에스종합환경\ai학습용 1차\안티그래피티 참고용 샘플자료\01_BLOOD_DEATH\강력범죄현장 등(혈흔)\during\KakaoTalk_20240427_154936203_12.jpg","4331959","2024-04-27 16:03:18"
"D:\01_사업_및_업무\디에스종합환경\ai학습용 1차\안티그래피티 참고용 샘플자료\01_BLOOD_DEATH\강력범죄현장 등(혈흔)\during\KakaoTalk_20240427_154936203_13.jpg","3055589","2024-04-27 15:51:26"
"D:\01_사업_및_업무\디에스종합환경\ai학습용 1차\안티그래피티 참고용 샘플자료\01_BLOOD_DEATH\강력범죄현장 등(혈흔)\during\KakaoTalk_20240427_154936203_14.jpg","3238367","2024-04-27 15:51:26"
"D:\01_사업_및_업무\디에스종합환경\ai학습용 1차\안티그래피티 참고용 샘플자료\01_BLOOD_DEATH\강력범죄현장 등(혈흔)\during\KakaoTalk_20240427_154909183_25.jpg","3123549","2024-04-27 15:50:58"
"D:\01_사업_및_업무\디에스종합환경\ai학습용 1차\안티그래피티 참고용 샘플자료\01_BLOOD_DEATH\강력범죄현장 등(혈흔)\during\KakaoTalk_20240427_154936203_10.jpg","3446134","2024-04-27 15:51:24"
"D:\01_사업_및_업무\디에스종합환경\ai학습용 1차\안티그래피티 참고용 샘플자료\01_BLOOD_DEATH\강력범죄현장 등(혈흔)\during\KakaoTalk_20240427_154936203_11.jpg","3481326","2024-04-27 15:51:24"
"D:\01_사업_및_업무\디에스종합환경\ai학습용 1차\안티그래피티 참고용 샘플자료\01_BLOOD_DEATH\강력범죄현장 등(혈흔)\during\KakaoTalk_20240710_133021996_23.jpg","3171161","2024-07-10 13:32:58"
"D:\01_사업_및_업무\디에스종합환경\ai학습용 1차\안티그래피티 참고용 샘플자료\01_BLOOD_DEATH\강력범죄현장 등(혈흔)\during\KakaoTalk_20240710_133021996_24.jpg","3013148","2024-07-10 13:32:58"
"D:\01_사업_및_업무\디에스종합환경\ai학습용 1차\안티그래피티 참고용 샘플자료\01_BLOOD_DEATH\강력범죄현장 등(혈흔)\during\KakaoTalk_20240710_133021996_26.jpg","3370085","2024-07-10 13:33:00"
"D:\01_사업_및_업무\디에스종합환경\ai학습용 1차\안티그래피티 참고용 샘플자료\01_BLOOD_DEATH\강력범죄현장 등(혈흔)\during\KakaoTalk_20240710_133021996_27.jpg","3138164","2024-07-10 13:33:00"
"D:\01_사업_및_업무\디에스종합환경\ai학습용 1차\안티그래피티 참고용 샘플자료\01_BLOOD_DEATH\강력범죄현장 등(혈흔)\during\KakaoTalk_20240710_133021996_13.jpg","3180813","2024-07-10 13:32:52"
"D:\01_사업_및_업무\디에스종합환경\ai학습용 1차\안티그래피티 참고용 샘플자료\01_BLOOD_DEATH\강력범죄현장 등(혈흔)\during\KakaoTalk_20240710_133021996_14.jpg","3503940","2024-07-10 13:32:52"
"D:\01_사업_및_업무\디에스종합환경\ai학습용 1차\안티그래피티 참고용 샘플자료\01_BLOOD_DEATH\강력범죄현장 등(혈흔)\during\KakaoTalk_20240710_133021996_15.jpg","3196759","2024-07-10 13:32:54"
"D:\01_사업_및_업무\디에스종합환경\ai학습용 1차\안티그래피티 참고용 샘플자료\01_BLOOD_DEATH\강력범죄현장 등(혈흔)\during\KakaoTalk_20240710_133021996_20.jpg","2799924","2024-07-10 13:32:56"
"D:\01_사업_및_업무\디에스종합환경\ai학습용 1차\안티그래피티 참고용 샘플자료\01_BLOOD_DEATH\강력범죄현장 등(혈흔)\during\KakaoTalk_20250210_092608526_13.jpg","4053320","2025-02-10 09:27:12"
"D:\01_사업_및_업무\디에스종합환경\ai학습용 1차\안티그래피티 참고용 샘플자료\01_BLOOD_DEATH\강력범죄현장 등(혈흔)\during\KakaoTalk_20250210_092608526_14.jpg","4172815","2025-02-10 09:27:12"
"D:\01_사업_및_업무\디에스종합환경\ai학습용 1차\안티그래피티 참고용 샘플자료\01_BLOOD_DEATH\강력범죄현장 등(혈흔)\during\KakaoTalk_20250210_092547582_25.jpg","3705786","2025-02-10 09:26:36"
"D:\01_사업_및_업무\디에스종합환경\ai학습용 1차\안티그래피티 참고용 샘플자료\01_BLOOD_DEATH\강력범죄현장 등(혈흔)\during\KakaoTalk_20250210_092547582_27.jpg","3912903","2025-02-10 09:26:38"
"D:\01_사업_및_업무\디에스종합환경\ai학습용 1차\안티그래피티 참고용 샘플자료\01_BLOOD_DEATH\강력범죄현장 등(혈흔)\during\KakaoTalk_20250210_092608526_01.jpg","4756748","2025-02-10 09:26:58"
"D:\01_사업_및_업무\디에스종합환경\ai학습용 1차\안티그래피티 참고용 샘플자료\01_BLOOD_DEATH\강력범죄현장 등(혈흔)\after\AFTER_PERFEC\KakaoTalk_20240427_154936203_20.jpg","2651838","2024-04-27 15:51:30"
"D:\01_사업_및_업무\디에스종합환경\ai학습용 1차\안티그래피티 참고용 샘플자료\01_BLOOD_DEATH\강력범죄현장 등(혈흔)\after\AFTER_PERFEC\KakaoTalk_20240427_154936203_21.jpg","3442490","2024-04-27 15:51:32"
"D:\01_사업_및_업무\디에스종합환경\ai학습용 1차\안티그래피티 참고용 샘플자료\01_BLOOD_DEATH\강력범죄현장 등(혈흔)\after\AFTER_PERFEC\KakaoTalk_20240427_154936203_22.jpg","3409182","2024-04-27 15:51:32"
"D:\01_사업_및_업무\디에스종합환경\ai학습용 1차\안티그래피티 참고용 샘플자료\01_BLOOD_DEATH\강력범죄현장 등(혈흔)\after\AFTER_PERFEC\KakaoTalk_20240427_154936203_24.jpg","3175718","2024-04-27 15:51:34"
"D:\01_사업_및_업무\디에스종합환경\ai학습용 1차\안티그래피티 참고용 샘플자료\01_BLOOD_DEATH\강력범죄현장 등(혈흔)\after\AFTER_PERFEC\KakaoTalk_20240427_154938123.jpg","3366454","2024-04-27 15:51:50"
"D:\01_사업_및_업무\디에스종합환경\ai학습용 1차\안티그래피티 참고용 샘플자료\01_BLOOD_DEATH\강력범죄현장 등(혈흔)\after\AFTER_PERFEC\KakaoTalk_20240427_154936203_16.jpg","3380003","2024-04-27 15:51:28"
"D:\01_사업_및_업무\디에스종합환경\ai학습용 1차\안티그래피티 참고용 샘플자료\01_BLOOD_DEATH\강력범죄현장 등(혈흔)\after\AFTER_PERFEC\KakaoTalk_20240427_154936203_17.jpg","3190280","2024-04-27 15:51:28"
"D:\01_사업_및_업무\디에스종합환경\ai학습용 1차\안티그래피티 참고용 샘플자료\01_BLOOD_DEATH\강력범죄현장 등(혈흔)\after\AFTER_PERFEC\KakaoTalk_20240427_154936203_18.jpg","3387028","2024-04-27 15:51:30"
"D:\01_사업_및_업무\디에스종합환경\ai학습용 1차\안티그래피티 참고용 샘플자료\01_BLOOD_DEATH\강력범죄현장 등(혈흔)\after\AFTER_PERFEC\캡처1.JPG","127134","2024-04-13 15:07:40"
"D:\01_사업_및_업무\디에스종합환경\ai학습용 1차\안티그래피티 참고용 샘플자료\01_BLOOD_DEATH\강력범죄현장 등(혈흔)\after\AFTER_PERFEC\KakaoTalk_20240413_141840568_14.jpg","3197739","2024-04-13 14:19:10"
"D:\01_사업_및_업무\디에스종합환경\ai학습용 1차\안티그래피티 참고용 샘플자료\01_BLOOD_DEATH\강력범죄현장 등(혈흔)\after\AFTER_PERFEC\KakaoTalk_20240413_141843826.jpg","3029684","2024-04-13 14:19:30"
"D:\01_사업_및_업무\디에스종합환경\ai학습용 1차\안티그래피티 참고용 샘플자료\01_BLOOD_DEATH\강력범죄현장 등(혈흔)\after\AFTER_PERFEC\KakaoTalk_20240413_141843826_01.jpg","3284360","2024-04-13 14:19:30"
"D:\01_사업_및_업무\디에스종합환경\ai학습용 1차\안티그래피티 참고용 샘플자료\01_BLOOD_DEATH\강력범죄현장 등(혈흔)\after\AFTER_PERFEC\KakaoTalk_20240413_141843826_02.jpg","3151266","2024-04-13 14:19:30"
"D:\01_사업_및_업무\디에스종합환경\ai학습용 1차\안티그래피티 참고용 샘플자료\01_BLOOD_DEATH\강력범죄현장 등(혈흔)\after\AFTER_PERFEC\KakaoTalk_20240413_151013501.jpg","450727","2024-04-13 15:10:28"
"D:\01_사업_및_업무\디에스종합환경\ai학습용 1차\안티그래피티 참고용 샘플자료\01_BLOOD_DEATH\강력범죄현장 등(혈흔)\after\AFTER_PERFEC\KakaoTalk_20250203_123211992_19.jpg","4091343","2025-02-03 12:33:42"
"D:\01_사업_및_업무\디에스종합환경\ai학습용 1차\안티그래피티 참고용 샘플자료\01_BLOOD_DEATH\강력범죄현장 등(혈흔)\after\AFTER_PERFEC\KakaoTalk_20250203_123211992_20.jpg","3613076","2025-02-03 12:33:42"
"D:\01_사업_및_업무\디에스종합환경\ai학습용 1차\안티그래피티 참고용 샘플자료\01_BLOOD_DEATH\강력범죄현장 등(혈흔)\after\AFTER_PERFEC\KakaoTalk_20250203_123211992_22.jpg","3519773","2025-02-03 12:33:44"
"D:\01_사업_및_업무\디에스종합환경\ai학습용 1차\안티그래피티 참고용 샘플자료\01_BLOOD_DEATH\강력범죄현장 등(혈흔)\after\AFTER_PERFEC\KakaoTalk_20250203_123211992_23.jpg","3557310","2025-02-03 12:33:44"
"D:\01_사업_및_업무\디에스종합환경\ai학습용 1차\안티그래피티 참고용 샘플자료\01_BLOOD_DEATH\강력범죄현장 등(혈흔)\after\AFTER_PERFEC\KakaoTalk_20250203_123211992_24.jpg","3548392","2025-02-03 12:33:46"
"D:\01_사업_및_업무\디에스종합환경\ai학습용 1차\안티그래피티 참고용 샘플자료\01_BLOOD_DEATH\강력범죄현장 등(혈흔)\after\AFTER_PERFEC\KakaoTalk_20250203_123211992_25.jpg","4206328","2025-02-03 12:33:46"
"D:\01_사업_및_업무\디에스종합환경\ai학습용 1차\안티그래피티 참고용 샘플자료\01_BLOOD_DEATH\강력범죄현장 등(혈흔)\after\AFTER_PERFEC\KakaoTalk_20250203_123211992_26.jpg","3760369","2025-02-03 12:33:48"
"D:\01_사업_및_업무\디에스종합환경\ai학습용 1차\안티그래피티 참고용 샘플자료\01_BLOOD_DEATH\강력범죄현장 등(혈흔)\after\AFTER_PERFEC\KakaoTalk_20250203_123211992_27.jpg","3922640","2025-02-03 12:33:48"
"D:\01_사업_및_업무\디에스종합환경\ai학습용 1차\안티그래피티 참고용 샘플자료\01_BLOOD_DEATH\강력범죄현장 등(혈흔)\after\AFTER_PERFEC\KakaoTalk_20250203_123211992_28.jpg","4846337","2025-02-03 12:33:48"
"D:\01_사업_및_업무\디에스종합환경\ai학습용 1차\안티그래피티 참고용 샘플자료\01_BLOOD_DEATH\강력범죄현장 등(혈흔)\after\AFTER_PERFEC\KakaoTalk_20250203_123222047.jpg","4307299","2025-02-03 12:34:00"
"D:\01_사업_및_업무\디에스종합환경\ai학습용 1차\안티그래피티 참고용 샘플자료\01_BLOOD_DEATH\강력범죄현장 등(혈흔)\after\AFTER_PERFEC\KakaoTalk_20250203_123222047_01.jpg","4761385","2025-02-03 12:34:02"
"D:\01_사업_및_업무\디에스종합환경\ai학습용 1차\안티그래피티 참고용 샘플자료\01_BLOOD_DEATH\강력범죄현장 등(혈흔)\after\AFTER_PERFEC\KakaoTalk_20250203_123222047_02.jpg","3788975","2025-02-03 12:34:02"
"D:\01_사업_및_업무\디에스종합환경\ai학습용 1차\안티그래피티 참고용 샘플자료\01_BLOOD_DEATH\강력범죄현장 등(혈흔)\after\AFTER_PERFEC\KakaoTalk_20250203_123222047_03.jpg","3745120","2025-02-03 12:34:02"
"D:\01_사업_및_업무\디에스종합환경\ai학습용 1차\안티그래피티 참고용 샘플자료\01_BLOOD_DEATH\강력범죄현장 등(혈흔)\after\AFTER_PERFEC\KakaoTalk_20250203_123222047_04.jpg","3847706","2025-02-03 12:34:04"
"D:\01_사업_및_업무\디에스종합환경\ai학습용 1차\안티그래피티 참고용 샘플자료\01_BLOOD_DEATH\강력범죄현장 등(혈흔)\after\AFTER_PERFEC\KakaoTalk_20250203_123222047_08.jpg","3808093","2025-02-03 12:34:06"
"D:\01_사업_및_업무\디에스종합환경\ai학습용 1차\안티그래피티 참고용 샘플자료\01_BLOOD_DEATH\강력범죄현장 등(혈흔)\after\AFTER_PERFEC\KakaoTalk_20250203_123222047_09.jpg","4057165","2025-02-03 12:34:08"
"D:\01_사업_및_업무\디에스종합환경\ai학습용 1차\안티그래피티 참고용 샘플자료\01_BLOOD_DEATH\강력범죄현장 등(혈흔)\after\AFTER_PERFEC\KakaoTalk_20260223_125535177_03.jpg","3281190","2026-02-23 12:59:44"
"D:\01_사업_및_업무\디에스종합환경\ai학습용 1차\안티그래피티 참고용 샘플자료\01_BLOOD_DEATH\강력범죄현장 등(혈흔)\after\AFTER_PERFEC\[회전]KakaoTalk_20260223_125526293_20.jpg","4197218","2026-02-23 15:36:28"
"D:\01_사업_및_업무\디에스종합환경\ai학습용 1차\안티그래피티 참고용 샘플자료\01_BLOOD_DEATH\강력범죄현장 등(혈흔)\after\AFTER_PERFEC\[회전]KakaoTalk_20260223_125526293_22.jpg","4089007","2026-02-23 15:36:32"
"D:\01_사업_및_업무\디에스종합환경\ai학습용 1차\안티그래피티 참고용 샘플자료\01_BLOOD_DEATH\강력범죄현장 등(혈흔)\after\AFTER_PERFEC\[회전]KakaoTalk_20260223_125526293_27.jpg","5166602","2026-02-23 15:36:34"
"D:\01_사업_및_업무\디에스종합환경\ai학습용 1차\안티그래피티 참고용 샘플자료\01_BLOOD_DEATH\강력범죄현장 등(혈흔)\after\AFTER_PERFEC\[회전]KakaoTalk_20260223_125526293_28.jpg","4851661","2026-02-23 15:36:38"
"D:\01_사업_및_업무\디에스종합환경\ai학습용 1차\안티그래피티 참고용 샘플자료\01_BLOOD_DEATH\강력범죄현장 등(혈흔)\after\AFTER_PERFEC\[회전]KakaoTalk_20260223_125535177.jpg","3792418","2026-02-23 15:36:40"
"D:\01_사업_및_업무\디에스종합환경\ai학습용 1차\안티그래피티 참고용 샘플자료\01_BLOOD_DEATH\강력범죄현장 등(혈흔)\after\AFTER_PERFEC\[회전]KakaoTalk_20260223_125535177_02.jpg","4110753","2026-02-23 15:36:42"
"D:\01_사업_및_업무\디에스종합환경\ai학습용 1차\안티그래피티 참고용 샘플자료\01_BLOOD_DEATH\강력범죄현장 등(혈흔)\after\AFTER_PERFEC\KakaoTalk_20260223_125526293_21.jpg","3216193","2026-02-23 12:59:22"
"D:\01_사업_및_업무\디에스종합환경\ai학습용 1차\안티그래피티 참고용 샘플자료\01_BLOOD_DEATH\강력범죄현장 등(혈흔)\after\AFTER_PERFEC\KakaoTalk_20260223_125526293_23.jpg","3518051","2026-02-23 12:59:24"
"D:\01_사업_및_업무\디에스종합환경\ai학습용 1차\안티그래피티 참고용 샘플자료\01_BLOOD_DEATH\강력범죄현장 등(혈흔)\after\AFTER_PERFEC\KakaoTalk_20260223_125526293_24.jpg","3597539","2026-02-23 12:59:26"
"D:\01_사업_및_업무\디에스종합환경\ai학습용 1차\안티그래피티 참고용 샘플자료\01_BLOOD_DEATH\강력범죄현장 등(혈흔)\after\AFTER_PERFEC\KakaoTalk_20260223_125526293_25.jpg","2870295","2026-02-23 12:59:26"
"D:\01_사업_및_업무\디에스종합환경\ai학습용 1차\안티그래피티 참고용 샘플자료\01_BLOOD_DEATH\강력범죄현장 등(혈흔)\after\AFTER_PERFEC\KakaoTalk_20260223_125526293_29.jpg","2884651","2026-02-23 12:59:28"
"D:\01_사업_및_업무\디에스종합환경\ai학습용 1차\안티그래피티 참고용 샘플자료\01_BLOOD_DEATH\강력범죄현장 등(혈흔)\after\AFTER_STAINED\KakaoTalk_20250210_092608526_21.jpg","4578784","2025-02-10 09:27:20"
"D:\01_사업_및_업무\디에스종합환경\ai학습용 1차\안티그래피티 참고용 샘플자료\01_BLOOD_DEATH\강력범죄현장 등(혈흔)\after\AFTER_STAINED\KakaoTalk_20250210_092608526_11.jpg","4515214","2025-02-10 09:27:10"
"D:\01_사업_및_업무\디에스종합환경\ai학습용 1차\안티그래피티 참고용 샘플자료\01_BLOOD_DEATH\강력범죄현장 등(혈흔)\after\AFTER_STAINED\KakaoTalk_20250210_092608526_16.jpg","4331348","2025-02-10 09:27:14"
"D:\01_사업_및_업무\디에스종합환경\ai학습용 1차\안티그래피티 참고용 샘플자료\01_BLOOD_DEATH\강력범죄현장 등(혈흔)\after\AFTER_STAINED\KakaoTalk_20250210_092608526_17.jpg","4928138","2025-02-10 09:27:16"
"D:\01_사업_및_업무\디에스종합환경\ai학습용 1차\안티그래피티 참고용 샘플자료\01_BLOOD_DEATH\강력범죄현장 등(혈흔)\after\AFTER_STAINED\KakaoTalk_20250210_092608526_18.jpg","4523651","2025-02-10 09:27:16"
"D:\01_사업_및_업무\디에스종합환경\ai학습용 1차\안티그래피티 참고용 샘플자료\01_BLOOD_DEATH\강력범죄현장 등(혈흔)\after\AFTER_STAINED\KakaoTalk_20250210_092608526_19.jpg","4550950","2025-02-10 09:27:18"
"D:\01_사업_및_업무\디에스종합환경\ai학습용 1차\안티그래피티 참고용 샘플자료\01_BLOOD_DEATH\강력범죄현장 등(혈흔)\after\AFTER_STAINED\KakaoTalk_20250210_092608526_20.jpg","4691488","2025-02-10 09:27:18"
"D:\01_사업_및_업무\디에스종합환경\ai학습용 1차\안티그래피티 참고용 샘플자료\01_BLOOD_DEATH\강력범죄현장 등(혈흔)\after\AFTER_STRIPPED\KakaoTalk_20240710_133021996_29.jpg","2233480","2024-07-10 13:33:00"
"D:\01_사업_및_업무\디에스종합환경\ai학습용 1차\안티그래피티 참고용 샘플자료\01_BLOOD_DEATH\강력범죄현장 등(혈흔)\after\AFTER_STRIPPED\KakaoTalk_20240710_133027561_03.jpg","2910775","2024-07-10 13:33:20"
"D:\01_사업_및_업무\디에스종합환경\ai학습용 1차\안티그래피티 참고용 샘플자료\01_BLOOD_DEATH\강력범죄현장 등(혈흔)\after\AFTER_STRIPPED\KakaoTalk_20240710_133027561_04.jpg","3044615","2024-07-10 13:33:20"
"D:\01_사업_및_업무\디에스종합환경\ai학습용 1차\안티그래피티 참고용 샘플자료\01_BLOOD_DEATH\심각한 오염(혈흔, 부패액 아님)_\before\KakaoTalk_20221108_181104693_02.jpg","3637539","2022-11-08 18:15:24"
"D:\01_사업_및_업무\디에스종합환경\ai학습용 1차\안티그래피티 참고용 샘플자료\01_BLOOD_DEATH\심각한 오염(혈흔, 부패액 아님)_\after(perfec)\KakaoTalk_20221108_182158518_04.jpg","2561668","2022-11-08 18:23:18"
"D:\01_사업_및_업무\디에스종합환경\ai학습용 1차\안티그래피티 참고용 샘플자료\03_FIRE_DAMAGE\전소\after\AFTER_STRIPPED\KakaoTalk_20240728_132548739_26.jpg","2966414","2024-07-28 13:26:24"
"D:\01_사업_및_업무\디에스종합환경\ai학습용 1차\안티그래피티 참고용 샘플자료\03_FIRE_DAMAGE\전소\after\AFTER_STRIPPED\KakaoTalk_20240728_132548739_19.jpg","3167753","2024-07-28 13:26:18"
"D:\01_사업_및_업무\디에스종합환경\ai학습용 1차\안티그래피티 참고용 샘플자료\03_FIRE_DAMAGE\전소\after\AFTER_STRIPPED\KakaoTalk_20240728_132548739_20.jpg","2677534","2024-07-28 13:26:20"
"D:\01_사업_및_업무\디에스종합환경\ai학습용 1차\안티그래피티 참고용 샘플자료\03_FIRE_DAMAGE\전소\after\AFTER_STRIPPED\KakaoTalk_20240728_132548739_21.jpg","2613772","2024-07-28 13:26:20"
"D:\01_사업_및_업무\디에스종합환경\ai학습용 1차\안티그래피티 참고용 샘플자료\03_FIRE_DAMAGE\전소\after\AFTER_STRIPPED\KakaoTalk_20240728_132548739_22.jpg","3318381","2024-07-28 13:26:20"
"D:\01_사업_및_업무\디에스종합환경\ai학습용 1차\안티그래피티 참고용 샘플자료\03_FIRE_DAMAGE\전소\after\AFTER_STRIPPED\KakaoTalk_20240728_132548739_23.jpg","2945346","2024-07-28 13:26:22"
"D:\01_사업_및_업무\디에스종합환경\ai학습용 1차\안티그래피티 참고용 샘플자료\03_FIRE_DAMAGE\전소\after\AFTER_STRIPPED\KakaoTalk_20240728_132548739_24.jpg","2752200","2024-07-28 13:26:22"
"D:\01_사업_및_업무\디에스종합환경\ai학습용 1차\안티그래피티 참고용 샘플자료\03_FIRE_DAMAGE\전소\after\AFTER_STRIPPED\KakaoTalk_20240728_132548739_25.jpg","3134840","2024-07-28 13:26:22"
"D:\01_사업_및_업무\디에스종합환경\ai학습용 1차\안티그래피티 참고용 샘플자료\03_FIRE_DAMAGE\전소\after\AFTER_STRIPPED\KakaoTalk_20241010_124958159_05.jpg","3745674","2024-10-10 12:50:54"
"D:\01_사업_및_업무\디에스종합환경\ai학습용 1차\안티그래피티 참고용 샘플자료\03_FIRE_DAMAGE\전소\after\AFTER_STRIPPED\KakaoTalk_20241010_124958159_04.jpg","3613204","2024-10-10 12:50:52"
"D:\01_사업_및_업무\디에스종합환경\ai학습용 1차\안티그래피티 참고용 샘플자료\03_FIRE_DAMAGE\전소\before\KakaoTalk_20240728_132548739_05.jpg","2338296","2024-07-28 13:26:10"
"D:\01_사업_및_업무\디에스종합환경\ai학습용 1차\안티그래피티 참고용 샘플자료\03_FIRE_DAMAGE\전소\before\KakaoTalk_20240723_162440096_26.jpg","2342832","2024-07-23 16:32:20"
"D:\01_사업_및_업무\디에스종합환경\ai학습용 1차\안티그래피티 참고용 샘플자료\03_FIRE_DAMAGE\전소\before\KakaoTalk_20240723_162440096_27.jpg","2572459","2024-07-23 16:32:20"
"D:\01_사업_및_업무\디에스종합환경\ai학습용 1차\안티그래피티 참고용 샘플자료\03_FIRE_DAMAGE\전소\before\KakaoTalk_20240723_162440096_28.jpg","2207314","2024-07-23 16:32:20"
"D:\01_사업_및_업무\디에스종합환경\ai학습용 1차\안티그래피티 참고용 샘플자료\03_FIRE_DAMAGE\전소\before\KakaoTalk_20240723_162440096_29.jpg","2205366","2024-07-23 16:32:20"
"D:\01_사업_및_업무\디에스종합환경\ai학습용 1차\안티그래피티 참고용 샘플자료\03_FIRE_DAMAGE\전소\before\KakaoTalk_20240723_162454471.jpg","2282596","2024-07-23 16:32:38"
"D:\01_사업_및_업무\디에스종합환경\ai학습용 1차\안티그래피티 참고용 샘플자료\03_FIRE_DAMAGE\전소\before\KakaoTalk_20240723_162454471_01.jpg","2338296","2024-07-23 16:32:38"
"D:\01_사업_및_업무\디에스종합환경\ai학습용 1차\안티그래피티 참고용 샘플자료\03_FIRE_DAMAGE\전소\before\KakaoTalk_20240728_132548739.jpg","2342832","2024-07-28 13:26:08"
"D:\01_사업_및_업무\디에스종합환경\ai학습용 1차\안티그래피티 참고용 샘플자료\03_FIRE_DAMAGE\전소\before\KakaoTalk_20240728_132548739_01.jpg","2572459","2024-07-28 13:26:08"
"D:\01_사업_및_업무\디에스종합환경\ai학습용 1차\안티그래피티 참고용 샘플자료\03_FIRE_DAMAGE\전소\before\KakaoTalk_20240728_132548739_02.jpg","2207314","2024-07-28 13:26:08"
"D:\01_사업_및_업무\디에스종합환경\ai학습용 1차\안티그래피티 참고용 샘플자료\03_FIRE_DAMAGE\전소\before\KakaoTalk_20240728_132548739_03.jpg","2205366","2024-07-28 13:26:08"
"D:\01_사업_및_업무\디에스종합환경\ai학습용 1차\안티그래피티 참고용 샘플자료\03_FIRE_DAMAGE\전소\before\KakaoTalk_20240728_132548739_04.jpg","2282596","2024-07-28 13:26:10"
"D:\01_사업_및_업무\디에스종합환경\ai학습용 1차\안티그래피티 참고용 샘플자료\03_FIRE_DAMAGE\전소\before\KakaoTalk_20241010_124946779_09.jpg","2391440","2024-10-10 12:50:24"
"D:\01_사업_및_업무\디에스종합환경\ai학습용 1차\안티그래피티 참고용 샘플자료\03_FIRE_DAMAGE\전소\before\KakaoTalk_20241010_124946779.jpg","3233862","2024-10-10 12:50:18"
"D:\01_사업_및_업무\디에스종합환경\ai학습용 1차\안티그래피티 참고용 샘플자료\03_FIRE_DAMAGE\전소\before\KakaoTalk_20241010_124946779_01.jpg","3312781","2024-10-10 12:50:18"
"D:\01_사업_및_업무\디에스종합환경\ai학습용 1차\안티그래피티 참고용 샘플자료\03_FIRE_DAMAGE\전소\before\KakaoTalk_20241010_124946779_02.jpg","2375486","2024-10-10 12:50:18"
"D:\01_사업_및_업무\디에스종합환경\ai학습용 1차\안티그래피티 참고용 샘플자료\03_FIRE_DAMAGE\전소\before\KakaoTalk_20241010_124946779_03.jpg","2500746","2024-10-10 12:50:20"
"D:\01_사업_및_업무\디에스종합환경\ai학습용 1차\안티그래피티 참고용 샘플자료\03_FIRE_DAMAGE\전소\before\KakaoTalk_20241010_124946779_04.jpg","2682766","2024-10-10 12:50:20"
"D:\01_사업_및_업무\디에스종합환경\ai학습용 1차\안티그래피티 참고용 샘플자료\03_FIRE_DAMAGE\전소\before\KakaoTalk_20241010_124946779_05.jpg","3581395","2024-10-10 12:59:32"
"D:\01_사업_및_업무\디에스종합환경\ai학습용 1차\안티그래피티 참고용 샘플자료\03_FIRE_DAMAGE\전소\before\KakaoTalk_20241010_124946779_06.jpg","2417745","2024-10-10 12:50:22"
"D:\01_사업_및_업무\디에스종합환경\ai학습용 1차\안티그래피티 참고용 샘플자료\03_FIRE_DAMAGE\전소\before\KakaoTalk_20241010_124946779_07.jpg","2549482","2024-10-10 12:50:22"
"D:\01_사업_및_업무\디에스종합환경\ai학습용 1차\안티그래피티 참고용 샘플자료\03_FIRE_DAMAGE\전소\before\KakaoTalk_20241010_124946779_08.jpg","2663998","2024-10-10 12:50:22"
"D:\01_사업_및_업무\디에스종합환경\ai학습용 1차\안티그래피티 참고용 샘플자료\03_FIRE_DAMAGE\전소\during\KakaoTalk_20240728_132548739_17.jpg","3487393","2024-07-28 13:26:18"
"D:\01_사업_및_업무\디에스종합환경\ai학습용 1차\안티그래피티 참고용 샘플자료\03_FIRE_DAMAGE\전소\during\KakaoTalk_20240728_132548739_14.jpg","4104806","2024-07-28 13:26:16"
"D:\01_사업_및_업무\디에스종합환경\ai학습용 1차\안티그래피티 참고용 샘플자료\03_FIRE_DAMAGE\전소\during\KakaoTalk_20240728_132548739_15.jpg","4110295","2024-07-28 13:26:16"
"D:\01_사업_및_업무\디에스종합환경\ai학습용 1차\안티그래피티 참고용 샘플자료\03_FIRE_DAMAGE\전소\during\KakaoTalk_20240728_132548739_16.jpg","4298447","2024-07-28 13:26:16"
"D:\01_사업_및_업무\디에스종합환경\ai학습용 1차\안티그래피티 참고용 샘플자료\03_FIRE_DAMAGE\전소\during\KakaoTalk_20241010_124958159_09.jpg","3044091","2024-10-10 12:50:56"
"D:\01_사업_및_업무\디에스종합환경\ai학습용 1차\안티그래피티 참고용 샘플자료\03_FIRE_DAMAGE\그을음 및 부분화재, 소화기 및 화재분진\after\AFTER_PERFEC\KakaoTalk_20250529_225117562_24.jpg","3009250","2025-06-01 18:58:22"
"D:\01_사업_및_업무\디에스종합환경\ai학습용 1차\안티그래피티 참고용 샘플자료\03_FIRE_DAMAGE\그을음 및 부분화재, 소화기 및 화재분진\after\AFTER_PERFEC\KakaoTalk_20250529_225117562_16.jpg","3530462","2025-06-01 18:58:16"
"D:\01_사업_및_업무\디에스종합환경\ai학습용 1차\안티그래피티 참고용 샘플자료\03_FIRE_DAMAGE\그을음 및 부분화재, 소화기 및 화재분진\after\AFTER_PERFEC\KakaoTalk_20250529_225117562_17.jpg","3805276","2025-06-01 18:58:16"
"D:\01_사업_및_업무\디에스종합환경\ai학습용 1차\안티그래피티 참고용 샘플자료\03_FIRE_DAMAGE\그을음 및 부분화재, 소화기 및 화재분진\after\AFTER_PERFEC\KakaoTalk_20250529_225117562_18.jpg","4314224","2025-06-01 18:58:18"
"D:\01_사업_및_업무\디에스종합환경\ai학습용 1차\안티그래피티 참고용 샘플자료\03_FIRE_DAMAGE\그을음 및 부분화재, 소화기 및 화재분진\after\AFTER_PERFEC\KakaoTalk_20250529_225117562_19.jpg","4155697","2025-06-01 18:58:18"
"D:\01_사업_및_업무\디에스종합환경\ai학습용 1차\안티그래피티 참고용 샘플자료\03_FIRE_DAMAGE\그을음 및 부분화재, 소화기 및 화재분진\after\AFTER_PERFEC\KakaoTalk_20250529_225117562_20.jpg","4072430","2025-06-01 18:58:18"
"D:\01_사업_및_업무\디에스종합환경\ai학습용 1차\안티그래피티 참고용 샘플자료\03_FIRE_DAMAGE\그을음 및 부분화재, 소화기 및 화재분진\after\AFTER_PERFEC\KakaoTalk_20250529_225117562_21.jpg","3926970","2025-06-01 18:58:20"
"D:\01_사업_및_업무\디에스종합환경\ai학습용 1차\안티그래피티 참고용 샘플자료\03_FIRE_DAMAGE\그을음 및 부분화재, 소화기 및 화재분진\after\AFTER_PERFEC\KakaoTalk_20250529_225117562_22.jpg","4722393","2025-06-01 18:58:20"
"D:\01_사업_및_업무\디에스종합환경\ai학습용 1차\안티그래피티 참고용 샘플자료\03_FIRE_DAMAGE\그을음 및 부분화재, 소화기 및 화재분진\after\AFTER_PERFEC\KakaoTalk_20250529_225117562_23.jpg","3220670","2025-06-01 18:58:22"
"D:\01_사업_및_업무\디에스종합환경\ai학습용 1차\안티그래피티 참고용 샘플자료\03_FIRE_DAMAGE\그을음 및 부분화재, 소화기 및 화재분진\after\AFTER_STRIPPED\KakaoTalk_20240128_103337289_09.jpg","3079092","2024-01-28 10:34:40"
"D:\01_사업_및_업무\디에스종합환경\ai학습용 1차\안티그래피티 참고용 샘플자료\03_FIRE_DAMAGE\그을음 및 부분화재, 소화기 및 화재분진\after\AFTER_STRIPPED\KakaoTalk_20240128_103337289_07.jpg","3269207","2024-01-28 10:34:40"
"D:\01_사업_및_업무\디에스종합환경\ai학습용 1차\안티그래피티 참고용 샘플자료\03_FIRE_DAMAGE\그을음 및 부분화재, 소화기 및 화재분진\after\AFTER_STRIPPED\KakaoTalk_20240128_103337289_08.jpg","3220366","2024-01-28 10:34:40"
"D:\01_사업_및_업무\디에스종합환경\ai학습용 1차\안티그래피티 참고용 샘플자료\03_FIRE_DAMAGE\그을음 및 부분화재, 소화기 및 화재분진\after\AFTER_STRIPPED\KakaoTalk_20240119_130951374_01.jpg","3216840","2024-01-19 13:11:50"
"D:\01_사업_및_업무\디에스종합환경\ai학습용 1차\안티그래피티 참고용 샘플자료\03_FIRE_DAMAGE\그을음 및 부분화재, 소화기 및 화재분진\after\AFTER_STRIPPED\KakaoTalk_20240119_130948251_23.jpg","3534587","2024-01-19 13:11:20"
"D:\01_사업_및_업무\디에스종합환경\ai학습용 1차\안티그래피티 참고용 샘플자료\03_FIRE_DAMAGE\그을음 및 부분화재, 소화기 및 화재분진\after\AFTER_STRIPPED\KakaoTalk_20240119_130948251_25.jpg","3242047","2024-01-19 13:11:22"
"D:\01_사업_및_업무\디에스종합환경\ai학습용 1차\안티그래피티 참고용 샘플자료\03_FIRE_DAMAGE\그을음 및 부분화재, 소화기 및 화재분진\after\AFTER_STRIPPED\KakaoTalk_20240119_130948251_26.jpg","3570748","2024-01-19 13:11:22"
"D:\01_사업_및_업무\디에스종합환경\ai학습용 1차\안티그래피티 참고용 샘플자료\03_FIRE_DAMAGE\그을음 및 부분화재, 소화기 및 화재분진\after\AFTER_STRIPPED\KakaoTalk_20240119_130948251_27.jpg","3189359","2024-01-19 13:11:22"
"D:\01_사업_및_업무\디에스종합환경\ai학습용 1차\안티그래피티 참고용 샘플자료\03_FIRE_DAMAGE\그을음 및 부분화재, 소화기 및 화재분진\after\AFTER_STRIPPED\KakaoTalk_20240119_130948251_28.jpg","3194376","2024-01-19 13:11:24"
"D:\01_사업_및_업무\디에스종합환경\ai학습용 1차\안티그래피티 참고용 샘플자료\03_FIRE_DAMAGE\그을음 및 부분화재, 소화기 및 화재분진\after\AFTER_STRIPPED\KakaoTalk_20240119_130948251_29.jpg","3229902","2024-01-19 13:11:24"
"D:\01_사업_및_업무\디에스종합환경\ai학습용 1차\안티그래피티 참고용 샘플자료\03_FIRE_DAMAGE\그을음 및 부분화재, 소화기 및 화재분진\after\AFTER_STRIPPED\KakaoTalk_20240119_130951374.jpg","3174314","2024-01-19 13:11:50"
"D:\01_사업_및_업무\디에스종합환경\ai학습용 1차\안티그래피티 참고용 샘플자료\03_FIRE_DAMAGE\그을음 및 부분화재, 소화기 및 화재분진\before\KakaoTalk_20221005_110900401_07.jpg","4298276","2022-10-05 11:56:06"
"D:\01_사업_및_업무\디에스종합환경\ai학습용 1차\안티그래피티 참고용 샘플자료\03_FIRE_DAMAGE\그을음 및 부분화재, 소화기 및 화재분진\before\KakaoTalk_20221005_110841191.jpg","73247","2022-10-05 11:10:06"
"D:\01_사업_및_업무\디에스종합환경\ai학습용 1차\안티그래피티 참고용 샘플자료\03_FIRE_DAMAGE\그을음 및 부분화재, 소화기 및 화재분진\before\KakaoTalk_20221005_110841191_01.jpg","52464","2022-10-05 11:10:06"
"D:\01_사업_및_업무\디에스종합환경\ai학습용 1차\안티그래피티 참고용 샘플자료\03_FIRE_DAMAGE\그을음 및 부분화재, 소화기 및 화재분진\before\KakaoTalk_20221005_110841191_03.jpg","48278","2022-10-05 11:10:08"
"D:\01_사업_및_업무\디에스종합환경\ai학습용 1차\안티그래피티 참고용 샘플자료\03_FIRE_DAMAGE\그을음 및 부분화재, 소화기 및 화재분진\before\KakaoTalk_20221005_110841191_06.jpg","4002932","2022-10-05 11:10:42"
"D:\01_사업_및_업무\디에스종합환경\ai학습용 1차\안티그래피티 참고용 샘플자료\03_FIRE_DAMAGE\그을음 및 부분화재, 소화기 및 화재분진\before\KakaoTalk_20221005_110841191_07.jpg","3735293","2022-10-05 11:11:16"
"D:\01_사업_및_업무\디에스종합환경\ai학습용 1차\안티그래피티 참고용 샘플자료\03_FIRE_DAMAGE\그을음 및 부분화재, 소화기 및 화재분진\before\KakaoTalk_20221005_110841191_09.jpg","4011359","2022-10-05 11:11:52"
"D:\01_사업_및_업무\디에스종합환경\ai학습용 1차\안티그래피티 참고용 샘플자료\03_FIRE_DAMAGE\그을음 및 부분화재, 소화기 및 화재분진\before\KakaoTalk_20221005_110841191_15.jpg","3540093","2022-10-05 11:13:02"
"D:\01_사업_및_업무\디에스종합환경\ai학습용 1차\안티그래피티 참고용 샘플자료\03_FIRE_DAMAGE\그을음 및 부분화재, 소화기 및 화재분진\before\KakaoTalk_20221005_110841191_19.jpg","4091703","2022-10-05 11:13:38"
"D:\01_사업_및_업무\디에스종합환경\ai학습용 1차\안티그래피티 참고용 샘플자료\03_FIRE_DAMAGE\그을음 및 부분화재, 소화기 및 화재분진\before\KakaoTalk_20221005_110841191_21.jpg","3364977","2022-10-05 11:14:12"
"D:\01_사업_및_업무\디에스종합환경\ai학습용 1차\안티그래피티 참고용 샘플자료\03_FIRE_DAMAGE\그을음 및 부분화재, 소화기 및 화재분진\before\KakaoTalk_20221005_110841191_24.jpg","3402253","2022-10-05 11:14:48"
"D:\01_사업_및_업무\디에스종합환경\ai학습용 1차\안티그래피티 참고용 샘플자료\03_FIRE_DAMAGE\그을음 및 부분화재, 소화기 및 화재분진\before\KakaoTalk_20240119_130948251_14.jpg","3493844","2024-01-19 13:11:16"
"D:\01_사업_및_업무\디에스종합환경\ai학습용 1차\안티그래피티 참고용 샘플자료\03_FIRE_DAMAGE\그을음 및 부분화재, 소화기 및 화재분진\before\KakaoTalk_20240119_130923024_01.jpg","3184891","2024-01-19 13:10:02"
"D:\01_사업_및_업무\디에스종합환경\ai학습용 1차\안티그래피티 참고용 샘플자료\03_FIRE_DAMAGE\그을음 및 부분화재, 소화기 및 화재분진\before\KakaoTalk_20240119_130923024_02.jpg","3477729","2024-01-19 13:10:02"
"D:\01_사업_및_업무\디에스종합환경\ai학습용 1차\안티그래피티 참고용 샘플자료\03_FIRE_DAMAGE\그을음 및 부분화재, 소화기 및 화재분진\before\KakaoTalk_20240119_130923024_03.jpg","3231409","2024-01-19 13:10:04"
"D:\01_사업_및_업무\디에스종합환경\ai학습용 1차\안티그래피티 참고용 샘플자료\03_FIRE_DAMAGE\그을음 및 부분화재, 소화기 및 화재분진\before\KakaoTalk_20240119_130923024_04.jpg","3204772","2024-01-19 13:10:04"
"D:\01_사업_및_업무\디에스종합환경\ai학습용 1차\안티그래피티 참고용 샘플자료\03_FIRE_DAMAGE\그을음 및 부분화재, 소화기 및 화재분진\before\KakaoTalk_20240119_130923024_05.jpg","3249958","2024-01-19 13:10:04"
"D:\01_사업_및_업무\디에스종합환경\ai학습용 1차\안티그래피티 참고용 샘플자료\03_FIRE_DAMAGE\그을음 및 부분화재, 소화기 및 화재분진\before\KakaoTalk_20240119_130923024_06.jpg","3278132","2024-01-19 13:10:04"
"D:\01_사업_및_업무\디에스종합환경\ai학습용 1차\안티그래피티 참고용 샘플자료\03_FIRE_DAMAGE\그을음 및 부분화재, 소화기 및 화재분진\before\KakaoTalk_20240119_130923024_09.jpg","3666864","2024-01-19 13:10:06"
"D:\01_사업_및_업무\디에스종합환경\ai학습용 1차\안티그래피티 참고용 샘플자료\03_FIRE_DAMAGE\그을음 및 부분화재, 소화기 및 화재분진\before\KakaoTalk_20240119_130948251_13.jpg","3959053","2024-01-19 13:11:14"
"D:\01_사업_및_업무\디에스종합환경\ai학습용 1차\안티그래피티 참고용 샘플자료\03_FIRE_DAMAGE\그을음 및 부분화재, 소화기 및 화재분진\before\KakaoTalk_20240128_103326149_14.jpg","3136414","2024-01-28 10:34:12"
"D:\01_사업_및_업무\디에스종합환경\ai학습용 1차\안티그래피티 참고용 샘플자료\03_FIRE_DAMAGE\그을음 및 부분화재, 소화기 및 화재분진\before\KakaoTalk_20240128_103326149_03.jpg","3995439","2024-01-28 10:34:06"
"D:\01_사업_및_업무\디에스종합환경\ai학습용 1차\안티그래피티 참고용 샘플자료\03_FIRE_DAMAGE\그을음 및 부분화재, 소화기 및 화재분진\before\KakaoTalk_20240128_103326149_04.jpg","2989887","2024-01-28 10:34:06"
"D:\01_사업_및_업무\디에스종합환경\ai학습용 1차\안티그래피티 참고용 샘플자료\03_FIRE_DAMAGE\그을음 및 부분화재, 소화기 및 화재분진\before\KakaoTalk_20240128_103326149_05.jpg","2693767","2024-01-28 10:34:08"
"D:\01_사업_및_업무\디에스종합환경\ai학습용 1차\안티그래피티 참고용 샘플자료\03_FIRE_DAMAGE\그을음 및 부분화재, 소화기 및 화재분진\before\KakaoTalk_20240128_103326149_06.jpg","4340738","2024-01-28 10:34:08"
"D:\01_사업_및_업무\디에스종합환경\ai학습용 1차\안티그래피티 참고용 샘플자료\03_FIRE_DAMAGE\그을음 및 부분화재, 소화기 및 화재분진\before\KakaoTalk_20240128_103326149_07.jpg","3525383","2024-01-28 10:34:08"
"D:\01_사업_및_업무\디에스종합환경\ai학습용 1차\안티그래피티 참고용 샘플자료\03_FIRE_DAMAGE\그을음 및 부분화재, 소화기 및 화재분진\before\KakaoTalk_20240128_103326149_08.jpg","3110251","2024-01-28 10:34:10"
"D:\01_사업_및_업무\디에스종합환경\ai학습용 1차\안티그래피티 참고용 샘플자료\03_FIRE_DAMAGE\그을음 및 부분화재, 소화기 및 화재분진\before\KakaoTalk_20240128_103326149_09.jpg","2904918","2024-01-28 10:34:10"
"D:\01_사업_및_업무\디에스종합환경\ai학습용 1차\안티그래피티 참고용 샘플자료\03_FIRE_DAMAGE\그을음 및 부분화재, 소화기 및 화재분진\before\KakaoTalk_20240128_103326149_10.jpg","3203381","2024-01-28 10:34:10"
"D:\01_사업_및_업무\디에스종합환경\ai학습용 1차\안티그래피티 참고용 샘플자료\03_FIRE_DAMAGE\그을음 및 부분화재, 소화기 및 화재분진\before\KakaoTalk_20240128_103326149_11.jpg","3910342","2024-01-28 10:34:10"
"D:\01_사업_및_업무\디에스종합환경\ai학습용 1차\안티그래피티 참고용 샘플자료\03_FIRE_DAMAGE\그을음 및 부분화재, 소화기 및 화재분진\before\KakaoTalk_20240128_103326149_12.jpg","3874194","2024-01-28 10:34:12"
"D:\01_사업_및_업무\디에스종합환경\ai학습용 1차\안티그래피티 참고용 샘플자료\03_FIRE_DAMAGE\그을음 및 부분화재, 소화기 및 화재분진\before\KakaoTalk_20240128_103326149_13.jpg","2698210","2024-01-28 10:34:12"
"D:\01_사업_및_업무\디에스종합환경\ai학습용 1차\안티그래피티 참고용 샘플자료\03_FIRE_DAMAGE\그을음 및 부분화재, 소화기 및 화재분진\before\KakaoTalk_20240119_141031471.jpg","54328","2024-01-19 14:11:18"
"D:\01_사업_및_업무\디에스종합환경\ai학습용 1차\안티그래피티 참고용 샘플자료\03_FIRE_DAMAGE\그을음 및 부분화재, 소화기 및 화재분진\before\KakaoTalk_20240119_141031471_01.jpg","36044","2024-01-19 14:11:18"
"D:\01_사업_및_업무\디에스종합환경\ai학습용 1차\안티그래피티 참고용 샘플자료\03_FIRE_DAMAGE\그을음 및 부분화재, 소화기 및 화재분진\before\KakaoTalk_20240119_141031471_02.jpg","50537","2024-01-19 14:11:18"
"D:\01_사업_및_업무\디에스종합환경\ai학습용 1차\안티그래피티 참고용 샘플자료\03_FIRE_DAMAGE\그을음 및 부분화재, 소화기 및 화재분진\before\KakaoTalk_20240119_141031471_03.jpg","50132","2024-01-19 14:11:18"
"D:\01_사업_및_업무\디에스종합환경\ai학습용 1차\안티그래피티 참고용 샘플자료\03_FIRE_DAMAGE\그을음 및 부분화재, 소화기 및 화재분진\before\KakaoTalk_20240119_141031471_04.jpg","53319","2024-01-19 14:11:18"
"D:\01_사업_및_업무\디에스종합환경\ai학습용 1차\안티그래피티 참고용 샘플자료\03_FIRE_DAMAGE\그을음 및 부분화재, 소화기 및 화재분진\before\KakaoTalk_20240119_141031471_05.jpg","81927","2024-01-19 14:11:18"
"D:\01_사업_및_업무\디에스종합환경\ai학습용 1차\안티그래피티 참고용 샘플자료\03_FIRE_DAMAGE\그을음 및 부분화재, 소화기 및 화재분진\before\KakaoTalk_20250529_225052082_02.jpg","3090475","2025-06-01 18:57:30"
"D:\01_사업_및_업무\디에스종합환경\ai학습용 1차\안티그래피티 참고용 샘플자료\03_FIRE_DAMAGE\그을음 및 부분화재, 소화기 및 화재분진\before\KakaoTalk_20250529_225052082_03.jpg","3235405","2025-06-01 18:57:30"
"D:\01_사업_및_업무\디에스종합환경\ai학습용 1차\안티그래피티 참고용 샘플자료\03_FIRE_DAMAGE\그을음 및 부분화재, 소화기 및 화재분진\before\KakaoTalk_20250529_225052082_06.jpg","3157865","2025-06-01 18:57:32"
"D:\01_사업_및_업무\디에스종합환경\ai학습용 1차\안티그래피티 참고용 샘플자료\03_FIRE_DAMAGE\그을음 및 부분화재, 소화기 및 화재분진\before\KakaoTalk_20250529_225052082_07.jpg","3607343","2025-06-01 18:57:32"
"D:\01_사업_및_업무\디에스종합환경\ai학습용 1차\안티그래피티 참고용 샘플자료\03_FIRE_DAMAGE\그을음 및 부분화재, 소화기 및 화재분진\before\KakaoTalk_20250529_225052082_08.jpg","2641542","2025-06-01 18:57:32"
"D:\01_사업_및_업무\디에스종합환경\ai학습용 1차\안티그래피티 참고용 샘플자료\03_FIRE_DAMAGE\그을음 및 부분화재, 소화기 및 화재분진\before\KakaoTalk_20250529_225052082_09.jpg","3119855","2025-06-01 18:57:34"
"D:\01_사업_및_업무\디에스종합환경\ai학습용 1차\안티그래피티 참고용 샘플자료\03_FIRE_DAMAGE\그을음 및 부분화재, 소화기 및 화재분진\before\KakaoTalk_20250529_225052082_10.jpg","3286545","2025-06-01 18:57:34"
"D:\01_사업_및_업무\디에스종합환경\ai학습용 1차\안티그래피티 참고용 샘플자료\04_ANIMAL_WASTE\배설물(인분포함)\after\AFTER_PERFEC\[회전]2.jpg","4781140","2025-09-14 15:29:24"
"D:\01_사업_및_업무\디에스종합환경\ai학습용 1차\안티그래피티 참고용 샘플자료\04_ANIMAL_WASTE\배설물(인분포함)\after\AFTER_STAINED\KakaoTalk_20240723_162504052_07.jpg","3656634","2024-07-23 16:33:24"
"D:\01_사업_및_업무\디에스종합환경\ai학습용 1차\안티그래피티 참고용 샘플자료\04_ANIMAL_WASTE\배설물(인분포함)\after\AFTER_STAINED\KakaoTalk_20240723_162504052_05.jpg","3056787","2024-07-23 16:33:22"
"D:\01_사업_및_업무\디에스종합환경\ai학습용 1차\안티그래피티 참고용 샘플자료\04_ANIMAL_WASTE\배설물(인분포함)\before\KakaoTalk_20250914_145656128_01.jpg","2869515","2025-09-14 15:16:12"
"D:\01_사업_및_업무\디에스종합환경\ai학습용 1차\안티그래피티 참고용 샘플자료\04_ANIMAL_WASTE\배설물(인분포함)\before\KakaoTalk_20250914_145656128.jpg","3403042","2025-09-14 15:16:12"
"D:\01_사업_및_업무\디에스종합환경\ai학습용 1차\안티그래피티 참고용 샘플자료\04_ANIMAL_WASTE\배설물(인분포함)\before\[회전]17.jpg","4319064","2025-09-14 15:28:10"
"D:\01_사업_및_업무\디에스종합환경\ai학습용 1차\안티그래피티 참고용 샘플자료\04_ANIMAL_WASTE\배설물(인분포함)\before\KakaoTalk_20240723_162504052_01.jpg","3870206","2024-07-23 16:33:20"
"D:\01_사업_및_업무\디에스종합환경\ai학습용 1차\안티그래피티 참고용 샘플자료\04_ANIMAL_WASTE\배설물(인분포함)\before\KakaoTalk_20240723_162455145.mp4","11140449","2024-07-23 16:33:04"
"D:\01_사업_및_업무\디에스종합환경\ai학습용 1차\안티그래피티 참고용 샘플자료\04_ANIMAL_WASTE\배설물(인분포함)\before\KakaoTalk_20240723_162504052.jpg","2263637","2024-07-23 16:33:18"
"D:\01_사업_및_업무\디에스종합환경\ai학습용 1차\안티그래피티 참고용 샘플자료\04_ANIMAL_WASTE\배설물(인분포함)\during\KakaoTalk_20240723_162504052_04.jpg","4813804","2024-10-31 16:08:04"
"D:\01_사업_및_업무\디에스종합환경\ai학습용 1차\안티그래피티 참고용 샘플자료\04_ANIMAL_WASTE\배설물(인분포함)\during\KakaoTalk_20240723_162504052_02.jpg","4999064","2024-10-31 16:07:22"
"D:\01_사업_및_업무\디에스종합환경\ai학습용 1차\안티그래피티 참고용 샘플자료\04_ANIMAL_WASTE\배설물(인분포함)\during\KakaoTalk_20240723_162504052_03.jpg","3850679","2024-07-23 16:33:22"
"D:\01_사업_및_업무\디에스종합환경\ai학습용 1차\안티그래피티 참고용 샘플자료\02_TRASH_HOARDING\쓰레기집\after\AFTER_ORGANIZED\KakaoTalk_20240402_135637405_23.jpg","3033307","2024-04-02 14:03:10"
"D:\01_사업_및_업무\디에스종합환경\ai학습용 1차\안티그래피티 참고용 샘플자료\02_TRASH_HOARDING\쓰레기집\after\AFTER_ORGANIZED\KakaoTalk_20240402_135637405_24.jpg","3262720","2024-04-02 14:03:10"
"D:\01_사업_및_업무\디에스종합환경\ai학습용 1차\안티그래피티 참고용 샘플자료\02_TRASH_HOARDING\쓰레기집\after\AFTER_PERFEC\KakaoTalk_20230517_180653997_17.jpg","2848927","2023-05-18 09:33:44"
"D:\01_사업_및_업무\디에스종합환경\ai학습용 1차\안티그래피티 참고용 샘플자료\02_TRASH_HOARDING\쓰레기집\after\AFTER_PERFEC\KakaoTalk_20230517_180653997_20.jpg","3204607","2023-05-18 09:33:48"
"D:\01_사업_및_업무\디에스종합환경\ai학습용 1차\안티그래피티 참고용 샘플자료\02_TRASH_HOARDING\쓰레기집\after\AFTER_PERFEC\KakaoTalk_20230517_180653997_21.jpg","4268135","2024-10-31 15:48:52"
"D:\01_사업_및_업무\디에스종합환경\ai학습용 1차\안티그래피티 참고용 샘플자료\02_TRASH_HOARDING\쓰레기집\after\AFTER_PERFEC\KakaoTalk_20230517_180653997_22.jpg","3082533","2023-05-18 09:33:52"
"D:\01_사업_및_업무\디에스종합환경\ai학습용 1차\안티그래피티 참고용 샘플자료\02_TRASH_HOARDING\쓰레기집\after\AFTER_PERFEC\KakaoTalk_20230517_180653997_23.jpg","3662168","2023-05-18 09:33:52"
"D:\01_사업_및_업무\디에스종합환경\ai학습용 1차\안티그래피티 참고용 샘플자료\02_TRASH_HOARDING\쓰레기집\after\AFTER_PERFEC\KakaoTalk_20230517_180653997_24.jpg","3224110","2023-05-18 09:33:54"
"D:\01_사업_및_업무\디에스종합환경\ai학습용 1차\안티그래피티 참고용 샘플자료\02_TRASH_HOARDING\쓰레기집\after\AFTER_PERFEC\KakaoTalk_20221108_182158518_05.jpg","3435401","2022-11-08 18:23:20"
"D:\01_사업_및_업무\디에스종합환경\ai학습용 1차\안티그래피티 참고용 샘플자료\02_TRASH_HOARDING\쓰레기집\after\AFTER_PERFEC\KakaoTalk_20221108_182158518.jpg","3142483","2022-11-08 18:22:12"
"D:\01_사업_및_업무\디에스종합환경\ai학습용 1차\안티그래피티 참고용 샘플자료\02_TRASH_HOARDING\쓰레기집\after\AFTER_PERFEC\KakaoTalk_20221108_182158518_01.jpg","3106133","2022-11-08 18:22:12"
"D:\01_사업_및_업무\디에스종합환경\ai학습용 1차\안티그래피티 참고용 샘플자료\02_TRASH_HOARDING\쓰레기집\after\AFTER_PERFEC\KakaoTalk_20221108_182158518_02.jpg","3308659","2022-11-08 18:22:50"
"D:\01_사업_및_업무\디에스종합환경\ai학습용 1차\안티그래피티 참고용 샘플자료\02_TRASH_HOARDING\쓰레기집\after\AFTER_PERFEC\KakaoTalk_20221108_182158518_03.jpg","3288417","2022-11-08 18:23:10"
"D:\01_사업_및_업무\디에스종합환경\ai학습용 1차\안티그래피티 참고용 샘플자료\02_TRASH_HOARDING\쓰레기집\after\AFTER_PERFEC\KakaoTalk_20221108_182158518_04.jpg","2561668","2022-11-08 18:23:18"
"D:\01_사업_및_업무\디에스종합환경\ai학습용 1차\안티그래피티 참고용 샘플자료\02_TRASH_HOARDING\쓰레기집\after\AFTER_PERFEC\KakaoTalk_20230909_205831528_24.jpg","3194246","2023-09-10 06:42:10"
"D:\01_사업_및_업무\디에스종합환경\ai학습용 1차\안티그래피티 참고용 샘플자료\02_TRASH_HOARDING\쓰레기집\after\AFTER_PERFEC\KakaoTalk_20230909_205831528_25.jpg","2445420","2023-09-10 06:42:10"
"D:\01_사업_및_업무\디에스종합환경\ai학습용 1차\안티그래피티 참고용 샘플자료\02_TRASH_HOARDING\쓰레기집\after\AFTER_PERFEC\KakaoTalk_20230909_205831528_18.jpg","3144861","2023-09-10 06:42:06"
"D:\01_사업_및_업무\디에스종합환경\ai학습용 1차\안티그래피티 참고용 샘플자료\02_TRASH_HOARDING\쓰레기집\after\AFTER_PERFEC\KakaoTalk_20230909_205831528_19.jpg","3233820","2023-09-10 06:42:06"
"D:\01_사업_및_업무\디에스종합환경\ai학습용 1차\안티그래피티 참고용 샘플자료\02_TRASH_HOARDING\쓰레기집\after\AFTER_PERFEC\KakaoTalk_20230909_205831528_20.jpg","3166838","2023-09-10 06:42:08"
"D:\01_사업_및_업무\디에스종합환경\ai학습용 1차\안티그래피티 참고용 샘플자료\02_TRASH_HOARDING\쓰레기집\after\AFTER_PERFEC\KakaoTalk_20230909_205831528_21.jpg","3066025","2023-09-10 06:42:08"
"D:\01_사업_및_업무\디에스종합환경\ai학습용 1차\안티그래피티 참고용 샘플자료\02_TRASH_HOARDING\쓰레기집\after\AFTER_PERFEC\KakaoTalk_20230909_205831528_22.jpg","3354435","2023-09-10 06:42:08"
"D:\01_사업_및_업무\디에스종합환경\ai학습용 1차\안티그래피티 참고용 샘플자료\02_TRASH_HOARDING\쓰레기집\after\AFTER_STAINED\KakaoTalk_20251112_141607379_13.jpg","2620873","2025-11-12 14:22:24"
"D:\01_사업_및_업무\디에스종합환경\ai학습용 1차\안티그래피티 참고용 샘플자료\02_TRASH_HOARDING\쓰레기집\after\AFTER_STAINED\KakaoTalk_20251112_141607379_15.jpg","2931523","2025-11-12 14:22:26"
"D:\01_사업_및_업무\디에스종합환경\ai학습용 1차\안티그래피티 참고용 샘플자료\02_TRASH_HOARDING\쓰레기집\after\AFTER_STAINED\KakaoTalk_20251112_141607379_16.jpg","3270195","2025-11-12 14:22:26"
"D:\01_사업_및_업무\디에스종합환경\ai학습용 1차\안티그래피티 참고용 샘플자료\02_TRASH_HOARDING\쓰레기집\after\AFTER_STAINED\KakaoTalk_20251112_141607379_17.jpg","3311572","2025-11-12 14:22:26"
"D:\01_사업_및_업무\디에스종합환경\ai학습용 1차\안티그래피티 참고용 샘플자료\02_TRASH_HOARDING\쓰레기집\after\AFTER_STAINED\KakaoTalk_20250210_141007941_01.jpg","3891445","2025-02-10 14:30:12"
"D:\01_사업_및_업무\디에스종합환경\ai학습용 1차\안티그래피티 참고용 샘플자료\02_TRASH_HOARDING\쓰레기집\after\AFTER_STAINED\KakaoTalk_20250210_141007941.jpg","4008257","2025-02-10 14:30:12"
"D:\01_사업_및_업무\디에스종합환경\ai학습용 1차\안티그래피티 참고용 샘플자료\02_TRASH_HOARDING\쓰레기집\after\AFTER_STAINED\KakaoTalk_20231210_104840423_08.jpg","2976996","2023-12-10 10:51:22"
"D:\01_사업_및_업무\디에스종합환경\ai학습용 1차\안티그래피티 참고용 샘플자료\02_TRASH_HOARDING\쓰레기집\after\AFTER_STAINED\KakaoTalk_20231210_104840423_02.jpg","2889873","2023-12-10 10:51:20"
"D:\01_사업_및_업무\디에스종합환경\ai학습용 1차\안티그래피티 참고용 샘플자료\02_TRASH_HOARDING\쓰레기집\after\AFTER_STAINED\KakaoTalk_20231210_104840423_03.jpg","2843566","2023-12-10 10:51:20"
"D:\01_사업_및_업무\디에스종합환경\ai학습용 1차\안티그래피티 참고용 샘플자료\02_TRASH_HOARDING\쓰레기집\after\AFTER_STAINED\KakaoTalk_20231210_104840423_04.jpg","3075426","2023-12-10 10:51:20"
"D:\01_사업_및_업무\디에스종합환경\ai학습용 1차\안티그래피티 참고용 샘플자료\02_TRASH_HOARDING\쓰레기집\after\AFTER_STAINED\KakaoTalk_20231210_104840423_05.jpg","2901809","2023-12-10 10:51:22"
"D:\01_사업_및_업무\디에스종합환경\ai학습용 1차\안티그래피티 참고용 샘플자료\02_TRASH_HOARDING\쓰레기집\after\AFTER_STAINED\KakaoTalk_20231210_104840423_07.jpg","3025327","2023-12-10 10:51:22"
"D:\01_사업_및_업무\디에스종합환경\ai학습용 1차\안티그래피티 참고용 샘플자료\02_TRASH_HOARDING\쓰레기집\after\AFTER_STAINED\[회전]KakaoTalk_20250914_150016464_17.jpg","5262038","2025-09-16 14:14:08"
"D:\01_사업_및_업무\디에스종합환경\ai학습용 1차\안티그래피티 참고용 샘플자료\02_TRASH_HOARDING\쓰레기집\after\AFTER_STAINED\[회전]1.jpg","3981309","2025-09-14 15:29:22"
"D:\01_사업_및_업무\디에스종합환경\ai학습용 1차\안티그래피티 참고용 샘플자료\02_TRASH_HOARDING\쓰레기집\after\AFTER_STAINED\[회전]3.jpg","4833404","2025-09-14 15:29:24"
"D:\01_사업_및_업무\디에스종합환경\ai학습용 1차\안티그래피티 참고용 샘플자료\02_TRASH_HOARDING\쓰레기집\after\AFTER_STAINED\[회전]4.jpg","4713636","2025-09-14 15:29:24"
"D:\01_사업_및_업무\디에스종합환경\ai학습용 1차\안티그래피티 참고용 샘플자료\02_TRASH_HOARDING\쓰레기집\after\AFTER_STAINED\[회전]6.jpg","5370544","2025-09-14 15:29:26"
"D:\01_사업_및_업무\디에스종합환경\ai학습용 1차\안티그래피티 참고용 샘플자료\02_TRASH_HOARDING\쓰레기집\after\AFTER_STAINED\[회전]7.jpg","5591611","2025-09-14 15:29:28"
"D:\01_사업_및_업무\디에스종합환경\ai학습용 1차\안티그래피티 참고용 샘플자료\02_TRASH_HOARDING\쓰레기집\after\AFTER_STAINED\[회전]8.jpg","5161134","2025-09-14 15:29:28"
"D:\01_사업_및_업무\디에스종합환경\ai학습용 1차\안티그래피티 참고용 샘플자료\02_TRASH_HOARDING\쓰레기집\after\AFTER_STAINED\[회전]10.jpg","4872383","2025-09-14 15:29:30"
"D:\01_사업_및_업무\디에스종합환경\ai학습용 1차\안티그래피티 참고용 샘플자료\02_TRASH_HOARDING\쓰레기집\after\AFTER_STAINED\[회전]12.jpg","4659734","2025-09-14 15:29:32"
"D:\01_사업_및_업무\디에스종합환경\ai학습용 1차\안티그래피티 참고용 샘플자료\02_TRASH_HOARDING\쓰레기집\after\AFTER_STAINED\[회전]13.jpg","4331353","2025-09-14 15:29:32"
"D:\01_사업_및_업무\디에스종합환경\ai학습용 1차\안티그래피티 참고용 샘플자료\02_TRASH_HOARDING\쓰레기집\after\AFTER_STAINED\[회전]14.jpg","4911054","2025-09-14 15:29:32"
"D:\01_사업_및_업무\디에스종합환경\ai학습용 1차\안티그래피티 참고용 샘플자료\02_TRASH_HOARDING\쓰레기집\after\AFTER_STAINED\[회전]15.jpg","5192866","2025-09-14 15:29:34"
"D:\01_사업_및_업무\디에스종합환경\ai학습용 1차\안티그래피티 참고용 샘플자료\02_TRASH_HOARDING\쓰레기집\after\AFTER_STAINED\KakaoTalk_20251112_142143991_22.jpg","3658967","2025-11-12 14:29:04"
"D:\01_사업_및_업무\디에스종합환경\ai학습용 1차\안티그래피티 참고용 샘플자료\02_TRASH_HOARDING\쓰레기집\after\AFTER_STAINED\KakaoTalk_20251112_142143991_09.jpg","2938384","2025-11-12 14:28:56"
"D:\01_사업_및_업무\디에스종합환경\ai학습용 1차\안티그래피티 참고용 샘플자료\02_TRASH_HOARDING\쓰레기집\after\AFTER_STAINED\KakaoTalk_20251112_142143991_10.jpg","3323865","2025-11-12 14:28:56"
"D:\01_사업_및_업무\디에스종합환경\ai학습용 1차\안티그래피티 참고용 샘플자료\02_TRASH_HOARDING\쓰레기집\after\AFTER_STAINED\KakaoTalk_20251112_142143991_11.jpg","2828400","2025-11-12 14:28:56"
"D:\01_사업_및_업무\디에스종합환경\ai학습용 1차\안티그래피티 참고용 샘플자료\02_TRASH_HOARDING\쓰레기집\after\AFTER_STAINED\KakaoTalk_20251112_142143991_12.jpg","3405305","2025-11-12 14:28:58"
"D:\01_사업_및_업무\디에스종합환경\ai학습용 1차\안티그래피티 참고용 샘플자료\02_TRASH_HOARDING\쓰레기집\after\AFTER_STAINED\KakaoTalk_20251112_142143991_13.jpg","2811585","2025-11-12 14:28:58"
"D:\01_사업_및_업무\디에스종합환경\ai학습용 1차\안티그래피티 참고용 샘플자료\02_TRASH_HOARDING\쓰레기집\after\AFTER_STAINED\KakaoTalk_20251112_142143991_14.jpg","3164560","2025-11-12 14:29:00"
"D:\01_사업_및_업무\디에스종합환경\ai학습용 1차\안티그래피티 참고용 샘플자료\02_TRASH_HOARDING\쓰레기집\after\AFTER_STAINED\KakaoTalk_20251112_142143991_15.jpg","3308486","2025-11-12 14:29:00"
"D:\01_사업_및_업무\디에스종합환경\ai학습용 1차\안티그래피티 참고용 샘플자료\02_TRASH_HOARDING\쓰레기집\after\AFTER_STAINED\KakaoTalk_20251112_142143991_16.jpg","2858143","2025-11-12 14:29:00"
"D:\01_사업_및_업무\디에스종합환경\ai학습용 1차\안티그래피티 참고용 샘플자료\02_TRASH_HOARDING\쓰레기집\after\AFTER_STAINED\KakaoTalk_20251112_142143991_17.jpg","3075560","2025-11-12 14:29:02"
"D:\01_사업_및_업무\디에스종합환경\ai학습용 1차\안티그래피티 참고용 샘플자료\02_TRASH_HOARDING\쓰레기집\after\AFTER_STAINED\KakaoTalk_20251112_142143991_18.jpg","2831509","2025-11-12 14:29:02"
"D:\01_사업_및_업무\디에스종합환경\ai학습용 1차\안티그래피티 참고용 샘플자료\02_TRASH_HOARDING\쓰레기집\after\AFTER_STAINED\KakaoTalk_20251112_142143991_19.jpg","2867021","2025-11-12 14:29:02"
"D:\01_사업_및_업무\디에스종합환경\ai학습용 1차\안티그래피티 참고용 샘플자료\02_TRASH_HOARDING\쓰레기집\after\AFTER_STAINED\KakaoTalk_20251112_142143991_20.jpg","2958901","2025-11-12 14:29:04"
"D:\01_사업_및_업무\디에스종합환경\ai학습용 1차\안티그래피티 참고용 샘플자료\02_TRASH_HOARDING\쓰레기집\after\AFTER_STAINED\KakaoTalk_20251112_142143991_21.jpg","3012176","2025-11-12 14:29:04"
"D:\01_사업_및_업무\디에스종합환경\ai학습용 1차\안티그래피티 참고용 샘플자료\02_TRASH_HOARDING\쓰레기집\after\AFTER_STAINED\KakaoTalk_20241108_154755692_07.jpg","476870","2024-11-08 15:48:26"
"D:\01_사업_및_업무\디에스종합환경\ai학습용 1차\안티그래피티 참고용 샘플자료\02_TRASH_HOARDING\쓰레기집\after\AFTER_STAINED\KakaoTalk_20241108_154755692.jpg","468060","2024-11-08 15:48:26"
"D:\01_사업_및_업무\디에스종합환경\ai학습용 1차\안티그래피티 참고용 샘플자료\02_TRASH_HOARDING\쓰레기집\after\AFTER_STAINED\KakaoTalk_20241108_154755692_01.jpg","500066","2024-11-08 15:48:26"
"D:\01_사업_및_업무\디에스종합환경\ai학습용 1차\안티그래피티 참고용 샘플자료\02_TRASH_HOARDING\쓰레기집\after\AFTER_STAINED\KakaoTalk_20241108_154755692_02.jpg","512984","2024-11-08 15:48:26"
"D:\01_사업_및_업무\디에스종합환경\ai학습용 1차\안티그래피티 참고용 샘플자료\02_TRASH_HOARDING\쓰레기집\after\AFTER_STAINED\KakaoTalk_20241108_154755692_03.jpg","534235","2024-11-08 15:48:26"
"D:\01_사업_및_업무\디에스종합환경\ai학습용 1차\안티그래피티 참고용 샘플자료\02_TRASH_HOARDING\쓰레기집\after\AFTER_STAINED\KakaoTalk_20241108_154755692_05.jpg","505634","2024-11-08 15:48:26"
"D:\01_사업_및_업무\디에스종합환경\ai학습용 1차\안티그래피티 참고용 샘플자료\02_TRASH_HOARDING\쓰레기집\after\AFTER_STAINED\KakaoTalk_20241108_154755692_06.jpg","460006","2024-11-08 15:48:26"
"D:\01_사업_및_업무\디에스종합환경\ai학습용 1차\안티그래피티 참고용 샘플자료\02_TRASH_HOARDING\쓰레기집\after\AFTER_STRIPPED\KakaoTalk_20230319_064300178_12.jpg","3213323","2023-03-21 06:14:50"
"D:\01_사업_및_업무\디에스종합환경\ai학습용 1차\안티그래피티 참고용 샘플자료\02_TRASH_HOARDING\쓰레기집\after\AFTER_STRIPPED\KakaoTalk_20230319_064300178_10.jpg","2901611","2023-03-21 06:14:42"
"D:\01_사업_및_업무\디에스종합환경\ai학습용 1차\안티그래피티 참고용 샘플자료\02_TRASH_HOARDING\쓰레기집\after\AFTER_STRIPPED\KakaoTalk_20230319_064300178_11.jpg","3174230","2023-03-21 06:14:46"
"D:\01_사업_및_업무\디에스종합환경\ai학습용 1차\안티그래피티 참고용 샘플자료\02_TRASH_HOARDING\쓰레기집\before\KakaoTalk_20251112_141647466_02.jpg","2963295","2025-11-12 14:23:14"
"D:\01_사업_및_업무\디에스종합환경\ai학습용 1차\안티그래피티 참고용 샘플자료\02_TRASH_HOARDING\쓰레기집\before\KakaoTalk_20251112_141647466_03.jpg","2671915","2025-11-12 14:23:14"
"D:\01_사업_및_업무\디에스종합환경\ai학습용 1차\안티그래피티 참고용 샘플자료\02_TRASH_HOARDING\쓰레기집\before\KakaoTalk_20251112_141647466_04.jpg","2997229","2025-11-12 14:23:14"
"D:\01_사업_및_업무\디에스종합환경\ai학습용 1차\안티그래피티 참고용 샘플자료\02_TRASH_HOARDING\쓰레기집\before\KakaoTalk_20251112_141647466_05.jpg","3231953","2025-11-12 14:23:16"
"D:\01_사업_및_업무\디에스종합환경\ai학습용 1차\안티그래피티 참고용 샘플자료\02_TRASH_HOARDING\쓰레기집\before\KakaoTalk_20251112_141647466_06.jpg","3619870","2025-11-12 14:23:16"
"D:\01_사업_및_업무\디에스종합환경\ai학습용 1차\안티그래피티 참고용 샘플자료\02_TRASH_HOARDING\쓰레기집\before\KakaoTalk_20251112_141647466_07.jpg","2632511","2025-11-12 14:23:16"
"D:\01_사업_및_업무\디에스종합환경\ai학습용 1차\안티그래피티 참고용 샘플자료\02_TRASH_HOARDING\쓰레기집\before\KakaoTalk_20251112_141647466_08.jpg","3184651","2025-11-12 14:23:18"
"D:\01_사업_및_업무\디에스종합환경\ai학습용 1차\안티그래피티 참고용 샘플자료\02_TRASH_HOARDING\쓰레기집\before\KakaoTalk_20251112_141647466_09.jpg","3563936","2025-11-12 14:23:18"
"D:\01_사업_및_업무\디에스종합환경\ai학습용 1차\안티그래피티 참고용 샘플자료\02_TRASH_HOARDING\쓰레기집\before\KakaoTalk_20251112_141647466_10.jpg","3418981","2025-11-12 14:23:18"
"D:\01_사업_및_업무\디에스종합환경\ai학습용 1차\안티그래피티 참고용 샘플자료\02_TRASH_HOARDING\쓰레기집\before\KakaoTalk_20251112_141647466_11.jpg","3322154","2025-11-12 14:23:18"
"D:\01_사업_및_업무\디에스종합환경\ai학습용 1차\안티그래피티 참고용 샘플자료\02_TRASH_HOARDING\쓰레기집\before\KakaoTalk_20251112_141647466_12.jpg","3438577","2025-11-12 14:23:20"
"D:\01_사업_및_업무\디에스종합환경\ai학습용 1차\안티그래피티 참고용 샘플자료\02_TRASH_HOARDING\쓰레기집\before\KakaoTalk_20251112_141647466_13.jpg","2462986","2025-11-12 14:23:20"
"D:\01_사업_및_업무\디에스종합환경\ai학습용 1차\안티그래피티 참고용 샘플자료\02_TRASH_HOARDING\쓰레기집\before\KakaoTalk_20251112_141647466_14.jpg","3717409","2025-11-12 14:23:20"
"D:\01_사업_및_업무\디에스종합환경\ai학습용 1차\안티그래피티 참고용 샘플자료\02_TRASH_HOARDING\쓰레기집\before\KakaoTalk_20250321_190434308_04.jpg","3715817","2025-03-21 19:19:52"
"D:\01_사업_및_업무\디에스종합환경\ai학습용 1차\안티그래피티 참고용 샘플자료\02_TRASH_HOARDING\쓰레기집\before\KakaoTalk_20250321_190434308_05.jpg","3652274","2025-03-21 19:19:52"
"D:\01_사업_및_업무\디에스종합환경\ai학습용 1차\안티그래피티 참고용 샘플자료\02_TRASH_HOARDING\쓰레기집\before\KakaoTalk_20250321_190434308_12.jpg","3998197","2025-03-21 19:20:00"
"D:\01_사업_및_업무\디에스종합환경\ai학습용 1차\안티그래피티 참고용 샘플자료\02_TRASH_HOARDING\쓰레기집\before\KakaoTalk_20250321_190434308_17.jpg","3894308","2025-03-21 19:20:04"
"D:\01_사업_및_업무\디에스종합환경\ai학습용 1차\안티그래피티 참고용 샘플자료\02_TRASH_HOARDING\쓰레기집\before\KakaoTalk_20231210_104842847_16.jpg","3913726","2023-12-10 10:51:48"
"D:\01_사업_및_업무\디에스종합환경\ai학습용 1차\안티그래피티 참고용 샘플자료\02_TRASH_HOARDING\쓰레기집\before\KakaoTalk_20231210_104842847_17.jpg","3593843","2023-12-10 10:51:50"
"D:\01_사업_및_업무\디에스종합환경\ai학습용 1차\안티그래피티 참고용 샘플자료\02_TRASH_HOARDING\쓰레기집\before\KakaoTalk_20231210_104842847_04.jpg","2750686","2023-12-10 10:51:42"
"D:\01_사업_및_업무\디에스종합환경\ai학습용 1차\안티그래피티 참고용 샘플자료\02_TRASH_HOARDING\쓰레기집\before\KakaoTalk_20231210_104842847_05.jpg","2887782","2023-12-10 10:51:42"
"D:\01_사업_및_업무\디에스종합환경\ai학습용 1차\안티그래피티 참고용 샘플자료\02_TRASH_HOARDING\쓰레기집\before\KakaoTalk_20231210_104842847_06.jpg","3262580","2023-12-10 10:51:44"
"D:\01_사업_및_업무\디에스종합환경\ai학습용 1차\안티그래피티 참고용 샘플자료\02_TRASH_HOARDING\쓰레기집\before\KakaoTalk_20231210_104842847_07.jpg","3563015","2023-12-10 10:51:44"
"D:\01_사업_및_업무\디에스종합환경\ai학습용 1차\안티그래피티 참고용 샘플자료\02_TRASH_HOARDING\쓰레기집\before\KakaoTalk_20231210_104842847_08.jpg","2892554","2023-12-10 10:51:44"
"D:\01_사업_및_업무\디에스종합환경\ai학습용 1차\안티그래피티 참고용 샘플자료\02_TRASH_HOARDING\쓰레기집\before\KakaoTalk_20231210_104842847_09.jpg","2796040","2023-12-10 10:51:44"
"D:\01_사업_및_업무\디에스종합환경\ai학습용 1차\안티그래피티 참고용 샘플자료\02_TRASH_HOARDING\쓰레기집\before\KakaoTalk_20231210_104842847_10.jpg","2931180","2023-12-10 10:51:46"
"D:\01_사업_및_업무\디에스종합환경\ai학습용 1차\안티그래피티 참고용 샘플자료\02_TRASH_HOARDING\쓰레기집\before\KakaoTalk_20231210_104842847_11.jpg","2892163","2023-12-10 10:51:46"
"D:\01_사업_및_업무\디에스종합환경\ai학습용 1차\안티그래피티 참고용 샘플자료\02_TRASH_HOARDING\쓰레기집\before\KakaoTalk_20231210_104842847_12.jpg","2871854","2023-12-10 10:51:46"
"D:\01_사업_및_업무\디에스종합환경\ai학습용 1차\안티그래피티 참고용 샘플자료\02_TRASH_HOARDING\쓰레기집\before\KakaoTalk_20231210_104842847_13.jpg","2838406","2023-12-10 10:51:46"
"D:\01_사업_및_업무\디에스종합환경\ai학습용 1차\안티그래피티 참고용 샘플자료\02_TRASH_HOARDING\쓰레기집\before\KakaoTalk_20231210_104842847_14.jpg","3141212","2023-12-10 10:51:48"
"D:\01_사업_및_업무\디에스종합환경\ai학습용 1차\안티그래피티 참고용 샘플자료\02_TRASH_HOARDING\쓰레기집\before\KakaoTalk_20231210_104842847_15.jpg","3076141","2023-12-10 10:51:48"
"D:\01_사업_및_업무\디에스종합환경\ai학습용 1차\안티그래피티 참고용 샘플자료\02_TRASH_HOARDING\쓰레기집\before\KakaoTalk_20230517_180653997_10.jpg","3093739","2023-05-18 09:33:34"
"D:\01_사업_및_업무\디에스종합환경\ai학습용 1차\안티그래피티 참고용 샘플자료\02_TRASH_HOARDING\쓰레기집\before\KakaoTalk_20230517_180653997.jpg","4180621","2023-05-18 09:33:08"
"D:\01_사업_및_업무\디에스종합환경\ai학습용 1차\안티그래피티 참고용 샘플자료\02_TRASH_HOARDING\쓰레기집\before\KakaoTalk_20230517_180653997_01.jpg","4661292","2024-10-31 15:48:10"
"D:\01_사업_및_업무\디에스종합환경\ai학습용 1차\안티그래피티 참고용 샘플자료\02_TRASH_HOARDING\쓰레기집\before\KakaoTalk_20230517_180653997_02.jpg","2996136","2023-05-18 09:33:12"
"D:\01_사업_및_업무\디에스종합환경\ai학습용 1차\안티그래피티 참고용 샘플자료\02_TRASH_HOARDING\쓰레기집\before\KakaoTalk_20230517_180653997_03.jpg","3540850","2023-05-18 09:33:14"
"D:\01_사업_및_업무\디에스종합환경\ai학습용 1차\안티그래피티 참고용 샘플자료\02_TRASH_HOARDING\쓰레기집\before\KakaoTalk_20230517_180653997_05.jpg","2550484","2023-05-18 09:33:20"
"D:\01_사업_및_업무\디에스종합환경\ai학습용 1차\안티그래피티 참고용 샘플자료\02_TRASH_HOARDING\쓰레기집\before\KakaoTalk_20230517_180653997_06.jpg","1886447","2023-05-18 09:33:22"
"D:\01_사업_및_업무\디에스종합환경\ai학습용 1차\안티그래피티 참고용 샘플자료\02_TRASH_HOARDING\쓰레기집\before\KakaoTalk_20230517_180653997_07.jpg","3158702","2023-05-18 09:33:26"
"D:\01_사업_및_업무\디에스종합환경\ai학습용 1차\안티그래피티 참고용 샘플자료\02_TRASH_HOARDING\쓰레기집\before\KakaoTalk_20230517_180653997_08.jpg","3022749","2023-05-18 09:33:30"
"D:\01_사업_및_업무\디에스종합환경\ai학습용 1차\안티그래피티 참고용 샘플자료\02_TRASH_HOARDING\쓰레기집\before\KakaoTalk_20230517_180653997_09.jpg","3510260","2023-05-18 09:33:32"
"D:\01_사업_및_업무\디에스종합환경\ai학습용 1차\안티그래피티 참고용 샘플자료\02_TRASH_HOARDING\쓰레기집\before\KakaoTalk_20221108_181104693.jpg","2379176","2022-11-08 18:15:22"
"D:\01_사업_및_업무\디에스종합환경\ai학습용 1차\안티그래피티 참고용 샘플자료\02_TRASH_HOARDING\쓰레기집\before\KakaoTalk_20221108_181104693_01.jpg","2587796","2022-11-08 18:15:22"
"D:\01_사업_및_업무\디에스종합환경\ai학습용 1차\안티그래피티 참고용 샘플자료\02_TRASH_HOARDING\쓰레기집\before\KakaoTalk_20221108_181104693_03.jpg","2594958","2022-11-08 18:15:26"
"D:\01_사업_및_업무\디에스종합환경\ai학습용 1차\안티그래피티 참고용 샘플자료\02_TRASH_HOARDING\쓰레기집\before\KakaoTalk_20221108_181104693_04.jpg","2652968","2022-11-08 18:15:28"
"D:\01_사업_및_업무\디에스종합환경\ai학습용 1차\안티그래피티 참고용 샘플자료\02_TRASH_HOARDING\쓰레기집\before\KakaoTalk_20221108_181104693_05.jpg","2386570","2022-11-08 18:15:28"
"D:\01_사업_및_업무\디에스종합환경\ai학습용 1차\안티그래피티 참고용 샘플자료\02_TRASH_HOARDING\쓰레기집\before\KakaoTalk_20221108_181104693_06.jpg","2361516","2022-11-08 18:15:30"
"D:\01_사업_및_업무\디에스종합환경\ai학습용 1차\안티그래피티 참고용 샘플자료\02_TRASH_HOARDING\쓰레기집\before\KakaoTalk_20221108_181104693_07.jpg","2558013","2022-11-08 18:15:32"
"D:\01_사업_및_업무\디에스종합환경\ai학습용 1차\안티그래피티 참고용 샘플자료\02_TRASH_HOARDING\쓰레기집\before\KakaoTalk_20221108_181104693_08.jpg","2464116","2022-11-08 18:15:34"
"D:\01_사업_및_업무\디에스종합환경\ai학습용 1차\안티그래피티 참고용 샘플자료\02_TRASH_HOARDING\쓰레기집\before\KakaoTalk_20250914_145200852_10.jpg","2796880","2025-09-14 15:12:38"
"D:\01_사업_및_업무\디에스종합환경\ai학습용 1차\안티그래피티 참고용 샘플자료\02_TRASH_HOARDING\쓰레기집\before\[회전]1.jpg","4449717","2025-09-14 15:28:10"
"D:\01_사업_및_업무\디에스종합환경\ai학습용 1차\안티그래피티 참고용 샘플자료\02_TRASH_HOARDING\쓰레기집\before\[회전]2.jpg","4761030","2025-09-14 15:28:12"
"D:\01_사업_및_업무\디에스종합환경\ai학습용 1차\안티그래피티 참고용 샘플자료\02_TRASH_HOARDING\쓰레기집\before\[회전]3.jpg","3803462","2025-09-14 15:28:12"
"D:\01_사업_및_업무\디에스종합환경\ai학습용 1차\안티그래피티 참고용 샘플자료\02_TRASH_HOARDING\쓰레기집\before\[회전]4.jpg","4532263","2025-09-14 15:28:12"
"D:\01_사업_및_업무\디에스종합환경\ai학습용 1차\안티그래피티 참고용 샘플자료\02_TRASH_HOARDING\쓰레기집\before\[회전]5.jpg","4348032","2025-09-14 15:28:14"
"D:\01_사업_및_업무\디에스종합환경\ai학습용 1차\안티그래피티 참고용 샘플자료\02_TRASH_HOARDING\쓰레기집\before\[회전]6.jpg","4225000","2025-09-14 15:28:14"
"D:\01_사업_및_업무\디에스종합환경\ai학습용 1차\안티그래피티 참고용 샘플자료\02_TRASH_HOARDING\쓰레기집\before\[회전]7.jpg","3904412","2025-09-14 15:28:14"
"D:\01_사업_및_업무\디에스종합환경\ai학습용 1차\안티그래피티 참고용 샘플자료\02_TRASH_HOARDING\쓰레기집\before\[회전]8.jpg","4563639","2025-09-14 15:28:16"
"D:\01_사업_및_업무\디에스종합환경\ai학습용 1차\안티그래피티 참고용 샘플자료\02_TRASH_HOARDING\쓰레기집\before\[회전]9.jpg","4774911","2025-09-14 15:28:16"
"D:\01_사업_및_업무\디에스종합환경\ai학습용 1차\안티그래피티 참고용 샘플자료\02_TRASH_HOARDING\쓰레기집\before\[회전]10.jpg","3755176","2025-09-14 15:28:18"
"D:\01_사업_및_업무\디에스종합환경\ai학습용 1차\안티그래피티 참고용 샘플자료\02_TRASH_HOARDING\쓰레기집\before\[회전]11.jpg","5389017","2025-09-14 15:28:18"
"D:\01_사업_및_업무\디에스종합환경\ai학습용 1차\안티그래피티 참고용 샘플자료\02_TRASH_HOARDING\쓰레기집\before\[회전]12.jpg","4850546","2025-09-14 15:28:20"
"D:\01_사업_및_업무\디에스종합환경\ai학습용 1차\안티그래피티 참고용 샘플자료\02_TRASH_HOARDING\쓰레기집\before\[회전]13.jpg","4901610","2025-09-14 15:28:20"
"D:\01_사업_및_업무\디에스종합환경\ai학습용 1차\안티그래피티 참고용 샘플자료\02_TRASH_HOARDING\쓰레기집\before\[회전]14.jpg","1691118","2025-09-14 15:28:20"
"D:\01_사업_및_업무\디에스종합환경\ai학습용 1차\안티그래피티 참고용 샘플자료\02_TRASH_HOARDING\쓰레기집\before\[회전]15.jpg","4123694","2025-09-14 15:28:22"
"D:\01_사업_및_업무\디에스종합환경\ai학습용 1차\안티그래피티 참고용 샘플자료\02_TRASH_HOARDING\쓰레기집\before\[회전]16.jpg","4911941","2025-09-14 15:28:22"
"D:\01_사업_및_업무\디에스종합환경\ai학습용 1차\안티그래피티 참고용 샘플자료\02_TRASH_HOARDING\쓰레기집\before\KakaoTalk_20250914_145200852.jpg","2895548","2025-09-14 15:12:32"
"D:\01_사업_및_업무\디에스종합환경\ai학습용 1차\안티그래피티 참고용 샘플자료\02_TRASH_HOARDING\쓰레기집\before\KakaoTalk_20250914_145200852_02.jpg","3012017","2025-09-14 15:12:32"
"D:\01_사업_및_업무\디에스종합환경\ai학습용 1차\안티그래피티 참고용 샘플자료\02_TRASH_HOARDING\쓰레기집\before\KakaoTalk_20250914_145200852_03.jpg","3288443","2025-09-14 15:12:34"
"D:\01_사업_및_업무\디에스종합환경\ai학습용 1차\안티그래피티 참고용 샘플자료\02_TRASH_HOARDING\쓰레기집\before\KakaoTalk_20250914_145200852_06.jpg","3349252","2025-09-14 15:12:36"
"D:\01_사업_및_업무\디에스종합환경\ai학습용 1차\안티그래피티 참고용 샘플자료\02_TRASH_HOARDING\쓰레기집\before\KakaoTalk_20250914_145200852_08.jpg","3199938","2025-09-14 15:12:36"
"D:\01_사업_및_업무\디에스종합환경\ai학습용 1차\안티그래피티 참고용 샘플자료\02_TRASH_HOARDING\쓰레기집\before\KakaoTalk_20250914_145200852_09.jpg","2678942","2025-09-14 15:12:36"
"D:\01_사업_및_업무\디에스종합환경\ai학습용 1차\안티그래피티 참고용 샘플자료\02_TRASH_HOARDING\쓰레기집\before\KakaoTalk_20230319_064300178_07.jpg","2972893","2023-03-21 06:14:32"
"D:\01_사업_및_업무\디에스종합환경\ai학습용 1차\안티그래피티 참고용 샘플자료\02_TRASH_HOARDING\쓰레기집\before\KakaoTalk_20230319_064300178_08.jpg","4028344","2023-03-21 06:14:34"
"D:\01_사업_및_업무\디에스종합환경\ai학습용 1차\안티그래피티 참고용 샘플자료\02_TRASH_HOARDING\쓰레기집\before\KakaoTalk_20230319_064300178_09.jpg","4045527","2023-03-21 06:14:38"
"D:\01_사업_및_업무\디에스종합환경\ai학습용 1차\안티그래피티 참고용 샘플자료\02_TRASH_HOARDING\쓰레기집\before\KakaoTalk_20230909_205831528_12.jpg","3099673","2023-09-10 06:42:04"
"D:\01_사업_및_업무\디에스종합환경\ai학습용 1차\안티그래피티 참고용 샘플자료\02_TRASH_HOARDING\쓰레기집\before\KakaoTalk_20230909_205831528_13.jpg","3254491","2023-09-10 06:42:04"
"D:\01_사업_및_업무\디에스종합환경\ai학습용 1차\안티그래피티 참고용 샘플자료\02_TRASH_HOARDING\쓰레기집\before\KakaoTalk_20230909_205831528.jpg","3329400","2023-09-10 06:41:58"
"D:\01_사업_및_업무\디에스종합환경\ai학습용 1차\안티그래피티 참고용 샘플자료\02_TRASH_HOARDING\쓰레기집\before\KakaoTalk_20230909_205831528_01.jpg","3060711","2023-09-10 06:41:58"
"D:\01_사업_및_업무\디에스종합환경\ai학습용 1차\안티그래피티 참고용 샘플자료\02_TRASH_HOARDING\쓰레기집\before\KakaoTalk_20230909_205831528_02.jpg","3311259","2023-09-10 06:41:58"
"D:\01_사업_및_업무\디에스종합환경\ai학습용 1차\안티그래피티 참고용 샘플자료\02_TRASH_HOARDING\쓰레기집\before\KakaoTalk_20230909_205831528_03.jpg","3096785","2023-09-10 06:42:00"
"D:\01_사업_및_업무\디에스종합환경\ai학습용 1차\안티그래피티 참고용 샘플자료\02_TRASH_HOARDING\쓰레기집\before\KakaoTalk_20230909_205831528_04.jpg","3503013","2023-09-10 06:42:00"
"D:\01_사업_및_업무\디에스종합환경\ai학습용 1차\안티그래피티 참고용 샘플자료\02_TRASH_HOARDING\쓰레기집\before\KakaoTalk_20230909_205831528_05.jpg","3196128","2023-09-10 06:42:00"
"D:\01_사업_및_업무\디에스종합환경\ai학습용 1차\안티그래피티 참고용 샘플자료\02_TRASH_HOARDING\쓰레기집\before\KakaoTalk_20230909_205831528_10.jpg","3833109","2023-09-10 06:42:02"
"D:\01_사업_및_업무\디에스종합환경\ai학습용 1차\안티그래피티 참고용 샘플자료\02_TRASH_HOARDING\쓰레기집\before\KakaoTalk_20230909_205831528_11.jpg","3815182","2023-09-10 06:42:04"
"D:\01_사업_및_업무\디에스종합환경\ai학습용 1차\안티그래피티 참고용 샘플자료\02_TRASH_HOARDING\쓰레기집\before\KakaoTalk_20251112_142219660_11.jpg","3721769","2025-11-12 14:29:56"
"D:\01_사업_및_업무\디에스종합환경\ai학습용 1차\안티그래피티 참고용 샘플자료\02_TRASH_HOARDING\쓰레기집\before\KakaoTalk_20251112_142155679.mp4","3537710","2025-11-12 14:29:12"
"D:\01_사업_및_업무\디에스종합환경\ai학습용 1차\안티그래피티 참고용 샘플자료\02_TRASH_HOARDING\쓰레기집\before\KakaoTalk_20251112_142207184.jpg","3304644","2025-11-12 14:29:18"
"D:\01_사업_및_업무\디에스종합환경\ai학습용 1차\안티그래피티 참고용 샘플자료\02_TRASH_HOARDING\쓰레기집\before\KakaoTalk_20251112_142207184_01.jpg","2973374","2025-11-12 14:29:20"
"D:\01_사업_및_업무\디에스종합환경\ai학습용 1차\안티그래피티 참고용 샘플자료\02_TRASH_HOARDING\쓰레기집\before\KakaoTalk_20251112_142207184_02.jpg","2919595","2025-11-12 14:29:20"
"D:\01_사업_및_업무\디에스종합환경\ai학습용 1차\안티그래피티 참고용 샘플자료\02_TRASH_HOARDING\쓰레기집\before\KakaoTalk_20251112_142207184_03.jpg","3262455","2025-11-12 14:29:22"
"D:\01_사업_및_업무\디에스종합환경\ai학습용 1차\안티그래피티 참고용 샘플자료\02_TRASH_HOARDING\쓰레기집\before\KakaoTalk_20251112_142207184_04.jpg","3443745","2025-11-12 14:29:22"
"D:\01_사업_및_업무\디에스종합환경\ai학습용 1차\안티그래피티 참고용 샘플자료\02_TRASH_HOARDING\쓰레기집\before\KakaoTalk_20251112_142207184_05.jpg","3462946","2025-11-12 14:29:22"
"D:\01_사업_및_업무\디에스종합환경\ai학습용 1차\안티그래피티 참고용 샘플자료\02_TRASH_HOARDING\쓰레기집\before\KakaoTalk_20251112_142207184_06.jpg","3328703","2025-11-12 14:29:24"
"D:\01_사업_및_업무\디에스종합환경\ai학습용 1차\안티그래피티 참고용 샘플자료\02_TRASH_HOARDING\쓰레기집\before\KakaoTalk_20251112_142207184_07.jpg","3234962","2025-11-12 14:29:24"
"D:\01_사업_및_업무\디에스종합환경\ai학습용 1차\안티그래피티 참고용 샘플자료\02_TRASH_HOARDING\쓰레기집\before\KakaoTalk_20251112_142207184_08.jpg","3422676","2025-11-12 14:29:24"
"D:\01_사업_및_업무\디에스종합환경\ai학습용 1차\안티그래피티 참고용 샘플자료\02_TRASH_HOARDING\쓰레기집\before\KakaoTalk_20251112_142207184_09.jpg","3335858","2025-11-12 14:29:26"
"D:\01_사업_및_업무\디에스종합환경\ai학습용 1차\안티그래피티 참고용 샘플자료\02_TRASH_HOARDING\쓰레기집\before\KakaoTalk_20251112_142207184_10.jpg","3286926","2025-11-12 14:29:26"
"D:\01_사업_및_업무\디에스종합환경\ai학습용 1차\안티그래피티 참고용 샘플자료\02_TRASH_HOARDING\쓰레기집\before\KakaoTalk_20251112_142207184_11.jpg","3337382","2025-11-12 14:29:26"
"D:\01_사업_및_업무\디에스종합환경\ai학습용 1차\안티그래피티 참고용 샘플자료\02_TRASH_HOARDING\쓰레기집\before\KakaoTalk_20251112_142207184_12.jpg","3566138","2025-11-12 14:29:28"
"D:\01_사업_및_업무\디에스종합환경\ai학습용 1차\안티그래피티 참고용 샘플자료\02_TRASH_HOARDING\쓰레기집\before\KakaoTalk_20251112_142207184_13.jpg","3408718","2025-11-12 14:29:28"
"D:\01_사업_및_업무\디에스종합환경\ai학습용 1차\안티그래피티 참고용 샘플자료\02_TRASH_HOARDING\쓰레기집\before\KakaoTalk_20251112_142207184_14.jpg","3470794","2025-11-12 14:29:30"
"D:\01_사업_및_업무\디에스종합환경\ai학습용 1차\안티그래피티 참고용 샘플자료\02_TRASH_HOARDING\쓰레기집\before\KakaoTalk_20251112_142207184_15.jpg","3277835","2025-11-12 14:29:30"
"D:\01_사업_및_업무\디에스종합환경\ai학습용 1차\안티그래피티 참고용 샘플자료\02_TRASH_HOARDING\쓰레기집\before\KakaoTalk_20251112_142207184_16.jpg","3464923","2025-11-12 14:29:30"
"D:\01_사업_및_업무\디에스종합환경\ai학습용 1차\안티그래피티 참고용 샘플자료\02_TRASH_HOARDING\쓰레기집\before\KakaoTalk_20251112_142207184_17.jpg","3322034","2025-11-12 14:29:32"
"D:\01_사업_및_업무\디에스종합환경\ai학습용 1차\안티그래피티 참고용 샘플자료\02_TRASH_HOARDING\쓰레기집\before\KakaoTalk_20251112_142207184_18.jpg","3276572","2025-11-12 14:29:32"
"D:\01_사업_및_업무\디에스종합환경\ai학습용 1차\안티그래피티 참고용 샘플자료\02_TRASH_HOARDING\쓰레기집\before\KakaoTalk_20251112_142207184_19.jpg","3380296","2025-11-12 14:29:32"
"D:\01_사업_및_업무\디에스종합환경\ai학습용 1차\안티그래피티 참고용 샘플자료\02_TRASH_HOARDING\쓰레기집\before\KakaoTalk_20251112_142207184_20.jpg","3480060","2025-11-12 14:29:34"
"D:\01_사업_및_업무\디에스종합환경\ai학습용 1차\안티그래피티 참고용 샘플자료\02_TRASH_HOARDING\쓰레기집\before\KakaoTalk_20251112_142207184_21.jpg","3553623","2025-11-12 14:29:34"
"D:\01_사업_및_업무\디에스종합환경\ai학습용 1차\안티그래피티 참고용 샘플자료\02_TRASH_HOARDING\쓰레기집\before\KakaoTalk_20251112_142207184_22.jpg","2984299","2025-11-12 14:29:36"
"D:\01_사업_및_업무\디에스종합환경\ai학습용 1차\안티그래피티 참고용 샘플자료\02_TRASH_HOARDING\쓰레기집\before\KakaoTalk_20251112_142207184_23.jpg","3407589","2025-11-12 14:29:36"
"D:\01_사업_및_업무\디에스종합환경\ai학습용 1차\안티그래피티 참고용 샘플자료\02_TRASH_HOARDING\쓰레기집\before\KakaoTalk_20251112_142207184_24.jpg","3260005","2025-11-12 14:29:36"
"D:\01_사업_및_업무\디에스종합환경\ai학습용 1차\안티그래피티 참고용 샘플자료\02_TRASH_HOARDING\쓰레기집\before\KakaoTalk_20251112_142207184_25.jpg","3313701","2025-11-12 14:29:38"
"D:\01_사업_및_업무\디에스종합환경\ai학습용 1차\안티그래피티 참고용 샘플자료\02_TRASH_HOARDING\쓰레기집\before\KakaoTalk_20251112_142207184_26.jpg","3199531","2025-11-12 14:29:38"
"D:\01_사업_및_업무\디에스종합환경\ai학습용 1차\안티그래피티 참고용 샘플자료\02_TRASH_HOARDING\쓰레기집\before\KakaoTalk_20241107_172756000_04.jpg","4843539","2024-11-07 17:37:48"
"D:\01_사업_및_업무\디에스종합환경\ai학습용 1차\안티그래피티 참고용 샘플자료\02_TRASH_HOARDING\쓰레기집\before\KakaoTalk_20241107_172756000_05.jpg","4685365","2024-11-07 17:34:20"
"D:\01_사업_및_업무\디에스종합환경\ai학습용 1차\안티그래피티 참고용 샘플자료\02_TRASH_HOARDING\쓰레기집\before\KakaoTalk_20241107_172756000.jpg","6622861","2024-11-07 17:31:24"
"D:\01_사업_및_업무\디에스종합환경\ai학습용 1차\안티그래피티 참고용 샘플자료\02_TRASH_HOARDING\쓰레기집\before\KakaoTalk_20241107_172756000_01.jpg","3690401","2024-11-07 17:29:04"
"D:\01_사업_및_업무\디에스종합환경\ai학습용 1차\안티그래피티 참고용 샘플자료\02_TRASH_HOARDING\쓰레기집\before\KakaoTalk_20241107_172756000_02.jpg","3041206","2024-11-07 17:29:06"
"D:\01_사업_및_업무\디에스종합환경\ai학습용 1차\안티그래피티 참고용 샘플자료\02_TRASH_HOARDING\쓰레기집\during\KakaoTalk_20230517_180653997_11.jpg","3575825","2023-05-18 09:33:36"
"D:\01_사업_및_업무\디에스종합환경\ai학습용 1차\안티그래피티 참고용 샘플자료\02_TRASH_HOARDING\쓰레기집\during\KakaoTalk_20230517_180653997_12.jpg","3764820","2023-05-18 09:33:36"
"D:\01_사업_및_업무\디에스종합환경\ai학습용 1차\안티그래피티 참고용 샘플자료\02_TRASH_HOARDING\쓰레기집\during\KakaoTalk_20230517_180653997_13.jpg","3173309","2023-05-18 09:33:38"
"D:\01_사업_및_업무\디에스종합환경\ai학습용 1차\안티그래피티 참고용 샘플자료\02_TRASH_HOARDING\쓰레기집\during\KakaoTalk_20250914_145520238_12.jpg","3112004","2025-09-14 15:15:48"
"D:\01_사업_및_업무\디에스종합환경\ai학습용 1차\안티그래피티 참고용 샘플자료\02_TRASH_HOARDING\쓰레기집\during\[회전]1.jpg","4109858","2025-09-14 15:28:40"
"D:\01_사업_및_업무\디에스종합환경\ai학습용 1차\안티그래피티 참고용 샘플자료\02_TRASH_HOARDING\쓰레기집\during\[회전]2.jpg","4555973","2025-09-14 15:28:40"
"D:\01_사업_및_업무\디에스종합환경\ai학습용 1차\안티그래피티 참고용 샘플자료\02_TRASH_HOARDING\쓰레기집\during\[회전]3.jpg","4698266","2025-09-14 15:28:42"
"D:\01_사업_및_업무\디에스종합환경\ai학습용 1차\안티그래피티 참고용 샘플자료\02_TRASH_HOARDING\쓰레기집\during\[회전]4.jpg","5133618","2025-09-14 15:28:42"
"D:\01_사업_및_업무\디에스종합환경\ai학습용 1차\안티그래피티 참고용 샘플자료\02_TRASH_HOARDING\쓰레기집\during\[회전]5.jpg","4403117","2025-09-14 15:28:42"
"D:\01_사업_및_업무\디에스종합환경\ai학습용 1차\안티그래피티 참고용 샘플자료\02_TRASH_HOARDING\쓰레기집\during\[회전]7.jpg","3973552","2025-09-14 15:28:44"
"D:\01_사업_및_업무\디에스종합환경\ai학습용 1차\안티그래피티 참고용 샘플자료\02_TRASH_HOARDING\쓰레기집\during\[회전]8.jpg","4270943","2025-09-14 15:28:44"
"D:\01_사업_및_업무\디에스종합환경\ai학습용 1차\안티그래피티 참고용 샘플자료\02_TRASH_HOARDING\쓰레기집\during\[회전]9.jpg","4209822","2025-09-14 15:28:46"
"D:\01_사업_및_업무\디에스종합환경\ai학습용 1차\안티그래피티 참고용 샘플자료\02_TRASH_HOARDING\쓰레기집\during\[회전]10.jpg","4296837","2025-09-14 15:28:46"
"D:\01_사업_및_업무\디에스종합환경\ai학습용 1차\안티그래피티 참고용 샘플자료\02_TRASH_HOARDING\쓰레기집\during\[회전]11.jpg","5243801","2025-09-14 15:28:48"
"D:\01_사업_및_업무\디에스종합환경\ai학습용 1차\안티그래피티 참고용 샘플자료\02_TRASH_HOARDING\쓰레기집\during\[회전]13.jpg","4266943","2025-09-14 15:28:48"
"D:\01_사업_및_업무\디에스종합환경\ai학습용 1차\안티그래피티 참고용 샘플자료\02_TRASH_HOARDING\쓰레기집\during\[회전]14.jpg","3943074","2025-09-14 15:28:50"
"D:\01_사업_및_업무\디에스종합환경\ai학습용 1차\안티그래피티 참고용 샘플자료\02_TRASH_HOARDING\쓰레기집\during\[회전]15.jpg","4548846","2025-09-14 15:28:50"
"D:\01_사업_및_업무\디에스종합환경\ai학습용 1차\안티그래피티 참고용 샘플자료\02_TRASH_HOARDING\쓰레기집\during\[회전]KakaoTalk_20250914_145656128_15.jpg","5914019","2025-09-16 14:16:24"
"D:\01_사업_및_업무\디에스종합환경\ai학습용 1차\안티그래피티 참고용 샘플자료\02_TRASH_HOARDING\쓰레기집\during\KakaoTalk_20250914_145520238.jpg","1464851","2025-09-14 15:15:42"
"D:\01_사업_및_업무\디에스종합환경\ai학습용 1차\안티그래피티 참고용 샘플자료\02_TRASH_HOARDING\쓰레기집\during\KakaoTalk_20250914_145520238_11.jpg","3257427","2025-09-14 15:15:48"
"D:\01_사업_및_업무\디에스종합환경\ai학습용 1차\안티그래피티 참고용 샘플자료\02_TRASH_HOARDING\저장강박\after\AFTER_PERFEC\KakaoTalk_20231213_165922543_08.jpg","2852576","2023-12-13 17:05:14"
"D:\01_사업_및_업무\디에스종합환경\ai학습용 1차\안티그래피티 참고용 샘플자료\02_TRASH_HOARDING\저장강박\after\AFTER_PERFEC\KakaoTalk_20231213_165915778_22.jpg","4110697","2023-12-13 17:13:20"
"D:\01_사업_및_업무\디에스종합환경\ai학습용 1차\안티그래피티 참고용 샘플자료\02_TRASH_HOARDING\저장강박\after\AFTER_PERFEC\KakaoTalk_20231213_165915778_23.jpg","4058001","2024-10-31 15:56:50"
"D:\01_사업_및_업무\디에스종합환경\ai학습용 1차\안티그래피티 참고용 샘플자료\02_TRASH_HOARDING\저장강박\after\AFTER_PERFEC\KakaoTalk_20231213_165915778_24.jpg","2931133","2023-12-13 17:03:52"
"D:\01_사업_및_업무\디에스종합환경\ai학습용 1차\안티그래피티 참고용 샘플자료\02_TRASH_HOARDING\저장강박\after\AFTER_PERFEC\KakaoTalk_20231213_165915778_25.jpg","2943555","2023-12-13 17:03:52"
"D:\01_사업_및_업무\디에스종합환경\ai학습용 1차\안티그래피티 참고용 샘플자료\02_TRASH_HOARDING\저장강박\after\AFTER_PERFEC\KakaoTalk_20231213_165915778_26.jpg","2805437","2023-12-13 17:03:52"
"D:\01_사업_및_업무\디에스종합환경\ai학습용 1차\안티그래피티 참고용 샘플자료\02_TRASH_HOARDING\저장강박\after\AFTER_PERFEC\KakaoTalk_20231213_165915778_28.jpg","3987478","2023-12-13 17:13:08"
"D:\01_사업_및_업무\디에스종합환경\ai학습용 1차\안티그래피티 참고용 샘플자료\02_TRASH_HOARDING\저장강박\after\AFTER_PERFEC\KakaoTalk_20231213_165915778_29.jpg","3023959","2023-12-13 17:03:54"
"D:\01_사업_및_업무\디에스종합환경\ai학습용 1차\안티그래피티 참고용 샘플자료\02_TRASH_HOARDING\저장강박\after\AFTER_PERFEC\KakaoTalk_20231213_165922543_01.jpg","4064742","2023-12-13 17:13:36"
"D:\01_사업_및_업무\디에스종합환경\ai학습용 1차\안티그래피티 참고용 샘플자료\02_TRASH_HOARDING\저장강박\after\AFTER_PERFEC\KakaoTalk_20231213_165922543_03.jpg","3171504","2023-12-13 17:05:12"
"D:\01_사업_및_업무\디에스종합환경\ai학습용 1차\안티그래피티 참고용 샘플자료\02_TRASH_HOARDING\저장강박\after\AFTER_PERFEC\KakaoTalk_20231213_165922543_06.jpg","2727461","2023-12-13 17:05:14"
"D:\01_사업_및_업무\디에스종합환경\ai학습용 1차\안티그래피티 참고용 샘플자료\02_TRASH_HOARDING\저장강박\after\AFTER_STRIPPED\KakaoTalk_20240531_171034952.jpg","4206379","2024-05-31 18:00:40"
"D:\01_사업_및_업무\디에스종합환경\ai학습용 1차\안티그래피티 참고용 샘플자료\02_TRASH_HOARDING\저장강박\after\AFTER_STRIPPED\KakaoTalk_20240531_171034952_01.jpg","3531832","2024-05-31 18:00:40"
"D:\01_사업_및_업무\디에스종합환경\ai학습용 1차\안티그래피티 참고용 샘플자료\02_TRASH_HOARDING\저장강박\after\AFTER_STRIPPED\KakaoTalk_20240531_171034952_02.jpg","3607750","2024-05-31 18:00:40"
"D:\01_사업_및_업무\디에스종합환경\ai학습용 1차\안티그래피티 참고용 샘플자료\02_TRASH_HOARDING\저장강박\after\AFTER_STRIPPED\KakaoTalk_20240531_171034952_03.jpg","3494379","2024-05-31 18:00:42"
"D:\01_사업_및_업무\디에스종합환경\ai학습용 1차\안티그래피티 참고용 샘플자료\02_TRASH_HOARDING\저장강박\after\AFTER_STRIPPED\KakaoTalk_20240531_171034952_04.jpg","3427069","2024-05-31 18:00:42"
"D:\01_사업_및_업무\디에스종합환경\ai학습용 1차\안티그래피티 참고용 샘플자료\02_TRASH_HOARDING\저장강박\after\AFTER_STRIPPED\KakaoTalk_20240531_171034952_05.jpg","3473805","2024-05-31 18:00:42"
"D:\01_사업_및_업무\디에스종합환경\ai학습용 1차\안티그래피티 참고용 샘플자료\02_TRASH_HOARDING\저장강박\after\AFTER_STRIPPED\KakaoTalk_20240531_171034952_06.jpg","2976587","2024-05-31 18:00:42"
"D:\01_사업_및_업무\디에스종합환경\ai학습용 1차\안티그래피티 참고용 샘플자료\02_TRASH_HOARDING\저장강박\before\KakaoTalk_20241106_153238379_06.jpg","5663289","2024-11-06 16:22:10"
"D:\01_사업_및_업무\디에스종합환경\ai학습용 1차\안티그래피티 참고용 샘플자료\02_TRASH_HOARDING\저장강박\before\KakaoTalk_20241106_153238379_02.jpg","5260841","2024-11-06 16:22:00"
"D:\01_사업_및_업무\디에스종합환경\ai학습용 1차\안티그래피티 참고용 샘플자료\02_TRASH_HOARDING\저장강박\before\KakaoTalk_20241106_153238379_03.jpg","4886801","2024-11-06 16:21:58"
"D:\01_사업_및_업무\디에스종합환경\ai학습용 1차\안티그래피티 참고용 샘플자료\02_TRASH_HOARDING\저장강박\before\KakaoTalk_20241106_153238379_04.jpg","4540155","2024-11-06 16:22:04"
"D:\01_사업_및_업무\디에스종합환경\ai학습용 1차\안티그래피티 참고용 샘플자료\02_TRASH_HOARDING\저장강박\before\KakaoTalk_20241106_153238379_05.jpg","5252053","2024-11-06 16:22:08"
"D:\01_사업_및_업무\디에스종합환경\ai학습용 1차\안티그래피티 참고용 샘플자료\02_TRASH_HOARDING\저장강박\before\KakaoTalk_20241106_153238379_06 - 복사본.jpg","3934300","2024-11-06 15:33:28"
"D:\01_사업_및_업무\디에스종합환경\ai학습용 1차\안티그래피티 참고용 샘플자료\02_TRASH_HOARDING\저장강박\before\KakaoTalk_20231213_165852723_22.jpg","3390079","2023-12-13 17:03:10"
"D:\01_사업_및_업무\디에스종합환경\ai학습용 1차\안티그래피티 참고용 샘플자료\02_TRASH_HOARDING\저장강박\before\KakaoTalk_20231213_165852723_03.jpg","3438687","2023-12-13 17:03:00"
"D:\01_사업_및_업무\디에스종합환경\ai학습용 1차\안티그래피티 참고용 샘플자료\02_TRASH_HOARDING\저장강박\before\KakaoTalk_20231213_165852723_04.jpg","3276948","2023-12-13 17:03:00"
"D:\01_사업_및_업무\디에스종합환경\ai학습용 1차\안티그래피티 참고용 샘플자료\02_TRASH_HOARDING\저장강박\before\KakaoTalk_20231213_165852723_05.jpg","3253556","2023-12-13 17:03:00"
"D:\01_사업_및_업무\디에스종합환경\ai학습용 1차\안티그래피티 참고용 샘플자료\02_TRASH_HOARDING\저장강박\before\KakaoTalk_20231213_165852723_06.jpg","4487981","2023-12-13 17:09:00"
"D:\01_사업_및_업무\디에스종합환경\ai학습용 1차\안티그래피티 참고용 샘플자료\02_TRASH_HOARDING\저장강박\before\KakaoTalk_20231213_165852723_07.jpg","3240596","2023-12-13 17:03:02"
"D:\01_사업_및_업무\디에스종합환경\ai학습용 1차\안티그래피티 참고용 샘플자료\02_TRASH_HOARDING\저장강박\before\KakaoTalk_20231213_165852723_08.jpg","3443030","2023-12-13 17:03:02"
"D:\01_사업_및_업무\디에스종합환경\ai학습용 1차\안티그래피티 참고용 샘플자료\02_TRASH_HOARDING\저장강박\before\KakaoTalk_20231213_165852723_09.jpg","3281225","2023-12-13 17:03:02"
"D:\01_사업_및_업무\디에스종합환경\ai학습용 1차\안티그래피티 참고용 샘플자료\02_TRASH_HOARDING\저장강박\before\KakaoTalk_20231213_165852723_10.jpg","2853863","2023-12-13 17:03:04"
"D:\01_사업_및_업무\디에스종합환경\ai학습용 1차\안티그래피티 참고용 샘플자료\02_TRASH_HOARDING\저장강박\before\KakaoTalk_20231213_165852723_11.jpg","3429444","2023-12-13 17:09:14"
"D:\01_사업_및_업무\디에스종합환경\ai학습용 1차\안티그래피티 참고용 샘플자료\02_TRASH_HOARDING\저장강박\before\KakaoTalk_20231213_165852723_12.jpg","2936688","2023-12-13 17:03:04"
"D:\01_사업_및_업무\디에스종합환경\ai학습용 1차\안티그래피티 참고용 샘플자료\02_TRASH_HOARDING\저장강박\before\KakaoTalk_20231213_165852723_13.jpg","4504261","2023-12-13 17:08:40"
"D:\01_사업_및_업무\디에스종합환경\ai학습용 1차\안티그래피티 참고용 샘플자료\02_TRASH_HOARDING\저장강박\before\KakaoTalk_20231213_165852723_14.jpg","3259825","2023-12-13 17:03:06"
"D:\01_사업_및_업무\디에스종합환경\ai학습용 1차\안티그래피티 참고용 샘플자료\02_TRASH_HOARDING\저장강박\before\KakaoTalk_20231213_165852723_15.jpg","3262741","2023-12-13 17:03:06"
"D:\01_사업_및_업무\디에스종합환경\ai학습용 1차\안티그래피티 참고용 샘플자료\02_TRASH_HOARDING\저장강박\before\KakaoTalk_20231213_165852723_16.jpg","3425898","2023-12-13 17:03:06"
"D:\01_사업_및_업무\디에스종합환경\ai학습용 1차\안티그래피티 참고용 샘플자료\02_TRASH_HOARDING\저장강박\before\KakaoTalk_20231213_165852723_17.jpg","3445143","2023-12-13 17:03:08"
"D:\01_사업_및_업무\디에스종합환경\ai학습용 1차\안티그래피티 참고용 샘플자료\02_TRASH_HOARDING\저장강박\before\KakaoTalk_20231213_165852723_18.jpg","3296503","2023-12-13 17:03:08"
"D:\01_사업_및_업무\디에스종합환경\ai학습용 1차\안티그래피티 참고용 샘플자료\02_TRASH_HOARDING\저장강박\before\KakaoTalk_20231213_165852723_19.jpg","3298111","2023-12-13 17:03:08"
"D:\01_사업_및_업무\디에스종합환경\ai학습용 1차\안티그래피티 참고용 샘플자료\02_TRASH_HOARDING\저장강박\before\KakaoTalk_20231213_165852723_20.jpg","3309285","2023-12-13 17:03:08"
"D:\01_사업_및_업무\디에스종합환경\ai학습용 1차\안티그래피티 참고용 샘플자료\02_TRASH_HOARDING\저장강박\before\KakaoTalk_20231213_165852723_21.jpg","3234386","2023-12-13 17:03:10"
"D:\01_사업_및_업무\디에스종합환경\ai학습용 1차\안티그래피티 참고용 샘플자료\02_TRASH_HOARDING\저장강박\before\KakaoTalk_20241126_064314785_14.jpg","3273323","2024-11-26 06:43:38"
"D:\01_사업_및_업무\디에스종합환경\ai학습용 1차\안티그래피티 참고용 샘플자료\02_TRASH_HOARDING\저장강박\before\KakaoTalk_20241126_064314785.jpg","3476595","2024-11-26 06:43:30"
"D:\01_사업_및_업무\디에스종합환경\ai학습용 1차\안티그래피티 참고용 샘플자료\02_TRASH_HOARDING\저장강박\before\KakaoTalk_20241126_064314785_01.jpg","3439550","2024-11-26 06:43:32"
"D:\01_사업_및_업무\디에스종합환경\ai학습용 1차\안티그래피티 참고용 샘플자료\02_TRASH_HOARDING\저장강박\before\KakaoTalk_20241126_064314785_02.jpg","3629880","2024-11-26 06:43:32"
"D:\01_사업_및_업무\디에스종합환경\ai학습용 1차\안티그래피티 참고용 샘플자료\02_TRASH_HOARDING\저장강박\before\KakaoTalk_20241126_064314785_03.jpg","3196860","2024-11-26 06:43:32"
"D:\01_사업_및_업무\디에스종합환경\ai학습용 1차\안티그래피티 참고용 샘플자료\02_TRASH_HOARDING\저장강박\before\KakaoTalk_20241126_064314785_04.jpg","3321413","2024-11-26 06:43:32"
"D:\01_사업_및_업무\디에스종합환경\ai학습용 1차\안티그래피티 참고용 샘플자료\02_TRASH_HOARDING\저장강박\before\KakaoTalk_20241126_064314785_05.jpg","4016096","2024-11-26 06:43:34"
"D:\01_사업_및_업무\디에스종합환경\ai학습용 1차\안티그래피티 참고용 샘플자료\02_TRASH_HOARDING\저장강박\before\KakaoTalk_20241126_064314785_06.jpg","3852905","2024-11-26 06:43:34"
"D:\01_사업_및_업무\디에스종합환경\ai학습용 1차\안티그래피티 참고용 샘플자료\02_TRASH_HOARDING\저장강박\before\KakaoTalk_20241126_064314785_07.jpg","3692871","2024-11-26 06:43:34"
"D:\01_사업_및_업무\디에스종합환경\ai학습용 1차\안티그래피티 참고용 샘플자료\02_TRASH_HOARDING\저장강박\before\KakaoTalk_20241126_064314785_08.jpg","3696521","2024-11-26 06:43:36"
"D:\01_사업_및_업무\디에스종합환경\ai학습용 1차\안티그래피티 참고용 샘플자료\02_TRASH_HOARDING\저장강박\before\KakaoTalk_20241126_064314785_09.jpg","3603078","2024-11-26 06:43:36"
"D:\01_사업_및_업무\디에스종합환경\ai학습용 1차\안티그래피티 참고용 샘플자료\02_TRASH_HOARDING\저장강박\before\KakaoTalk_20241126_064314785_10.jpg","3881799","2024-11-26 06:43:36"
"D:\01_사업_및_업무\디에스종합환경\ai학습용 1차\안티그래피티 참고용 샘플자료\02_TRASH_HOARDING\저장강박\before\KakaoTalk_20241126_064314785_11.jpg","3760128","2024-11-26 06:43:36"
"D:\01_사업_및_업무\디에스종합환경\ai학습용 1차\안티그래피티 참고용 샘플자료\02_TRASH_HOARDING\저장강박\before\KakaoTalk_20241126_064314785_12.jpg","2437051","2024-11-26 06:43:38"
"D:\01_사업_및_업무\디에스종합환경\ai학습용 1차\안티그래피티 참고용 샘플자료\02_TRASH_HOARDING\저장강박\before\KakaoTalk_20241126_064314785_13.jpg","2570784","2024-11-26 06:43:38"
"D:\01_사업_및_업무\디에스종합환경\ai학습용 1차\안티그래피티 참고용 샘플자료\02_TRASH_HOARDING\저장강박\during\KakaoTalk_20231213_165915778_19.jpg","3435802","2023-12-13 17:03:48"
"D:\01_사업_및_업무\디에스종합환경\ai학습용 1차\안티그래피티 참고용 샘플자료\02_TRASH_HOARDING\저장강박\during\KakaoTalk_20231213_165915778_07.jpg","3647798","2023-12-13 17:11:30"
"D:\01_사업_및_업무\디에스종합환경\ai학습용 1차\안티그래피티 참고용 샘플자료\02_TRASH_HOARDING\저장강박\during\KakaoTalk_20231213_165915778_08.jpg","3708226","2023-12-13 17:03:42"
"D:\01_사업_및_업무\디에스종합환경\ai학습용 1차\안티그래피티 참고용 샘플자료\02_TRASH_HOARDING\저장강박\during\KakaoTalk_20231213_165915778_09.jpg","2961972","2023-12-13 17:03:44"
"D:\01_사업_및_업무\디에스종합환경\ai학습용 1차\안티그래피티 참고용 샘플자료\02_TRASH_HOARDING\저장강박\during\KakaoTalk_20231213_165915778_10.jpg","3629623","2023-12-13 17:03:44"
"D:\01_사업_및_업무\디에스종합환경\ai학습용 1차\안티그래피티 참고용 샘플자료\02_TRASH_HOARDING\저장강박\during\KakaoTalk_20231213_165915778_11.jpg","2912510","2023-12-13 17:03:44"
"D:\01_사업_및_업무\디에스종합환경\ai학습용 1차\안티그래피티 참고용 샘플자료\02_TRASH_HOARDING\저장강박\during\KakaoTalk_20231213_165915778_12.jpg","4273602","2023-12-13 17:10:58"
"D:\01_사업_및_업무\디에스종합환경\ai학습용 1차\안티그래피티 참고용 샘플자료\02_TRASH_HOARDING\저장강박\during\KakaoTalk_20231213_165915778_13.jpg","3297454","2023-12-13 17:03:46"
"D:\01_사업_및_업무\디에스종합환경\ai학습용 1차\안티그래피티 참고용 샘플자료\02_TRASH_HOARDING\저장강박\during\KakaoTalk_20231213_165915778_14.jpg","2952316","2023-12-13 17:03:46"
"D:\01_사업_및_업무\디에스종합환경\ai학습용 1차\안티그래피티 참고용 샘플자료\02_TRASH_HOARDING\저장강박\during\KakaoTalk_20231213_165915778_15.jpg","4017441","2023-12-13 17:03:46"
"D:\01_사업_및_업무\디에스종합환경\ai학습용 1차\안티그래피티 참고용 샘플자료\02_TRASH_HOARDING\저장강박\during\KakaoTalk_20231213_165915778_17.jpg","4088879","2023-12-13 17:11:14"
"D:\01_사업_및_업무\디에스종합환경\ai학습용 1차\안티그래피티 참고용 샘플자료\02_TRASH_HOARDING\저장강박\during\KakaoTalk_20231213_165915778_18.jpg","3410889","2023-12-13 17:03:48"
"D:\01_사업_및_업무\디에스종합환경\ai학습용 1차\안티그래피티 참고용 샘플자료\02_TRASH_HOARDING\저장강박\during\KakaoTalk_20241126_113944102_12.jpg","4424179","2024-11-26 11:40:18"
"D:\01_사업_및_업무\디에스종합환경\ai학습용 1차\안티그래피티 참고용 샘플자료\02_TRASH_HOARDING\저장강박\during\KakaoTalk_20241126_113944102_13.jpg","3455791","2024-11-26 11:40:20"
"D:\01_사업_및_업무\디에스종합환경\ai학습용 1차\안티그래피티 참고용 샘플자료\02_TRASH_HOARDING\저장강박\during\KakaoTalk_20241126_113944102_14.jpg","4038399","2024-11-26 11:40:20"
"D:\01_사업_및_업무\디에스종합환경\ai학습용 1차\안티그래피티 참고용 샘플자료\02_TRASH_HOARDING\저장강박\during\KakaoTalk_20241126_113944102_05.jpg","4307726","2024-11-26 11:40:14"
"D:\01_사업_및_업무\디에스종합환경\ai학습용 1차\안티그래피티 참고용 샘플자료\02_TRASH_HOARDING\저장강박\during\KakaoTalk_20241126_113944102_07.jpg","4376177","2024-11-26 11:40:16"
"D:\01_사업_및_업무\디에스종합환경\ai학습용 1차\안티그래피티 참고용 샘플자료\02_TRASH_HOARDING\저장강박\during\KakaoTalk_20241126_113944102_09.jpg","3294201","2024-11-26 11:40:16"
"D:\01_사업_및_업무\디에스종합환경\ai학습용 1차\안티그래피티 참고용 샘플자료\02_TRASH_HOARDING\저장강박\during\KakaoTalk_20241126_113944102_10.jpg","3913539","2024-11-26 11:40:18"
"D:\01_사업_및_업무\디에스종합환경\ai학습용 1차\안티그래피티 참고용 샘플자료\02_TRASH_HOARDING\저장강박\during\KakaoTalk_20241126_113944102_11.jpg","4037096","2024-11-26 11:40:18"
"D:\01_사업_및_업무\디에스종합환경\ai학습용 1차\안티그래피티 참고용 샘플자료\05_EXTERIOR_CLEAN\after perfec(야외)\KakaoTalk_20241126_113944102_18.jpg","3759024","2024-11-26 11:40:22"
"D:\01_사업_및_업무\디에스종합환경\ai학습용 1차\안티그래피티 참고용 샘플자료\05_EXTERIOR_CLEAN\after perfec(야외)\KakaoTalk_20241126_113944102_19.jpg","3472131","2024-11-26 11:40:24"
"D:\01_사업_및_업무\디에스종합환경\ai학습용 1차\안티그래피티 참고용 샘플자료\05_EXTERIOR_CLEAN\after perfec(야외)\KakaoTalk_20241126_113944102_21.jpg","4309929","2024-11-26 11:40:24"
"D:\01_사업_및_업무\디에스종합환경\ai학습용 1차\안티그래피티 참고용 샘플자료\05_EXTERIOR_CLEAN\after perfec(야외)\KakaoTalk_20241126_113944102_24.jpg","3533487","2024-11-26 11:40:26"
"D:\01_사업_및_업무\디에스종합환경\ai학습용 1차\안티그래피티 참고용 샘플자료\05_EXTERIOR_CLEAN\after perfec(야외)\KakaoTalk_20241126_113944102_26.jpg","3676727","2024-11-26 11:40:28"
"D:\01_사업_및_업무\디에스종합환경\ai학습용 1차\안티그래피티 참고용 샘플자료\05_EXTERIOR_CLEAN\after perfec(야외)\KakaoTalk_20240531_171034952_10.jpg","4489182","2024-05-31 18:00:46"
"D:\01_사업_및_업무\디에스종합환경\ai학습용 1차\안티그래피티 참고용 샘플자료\05_EXTERIOR_CLEAN\after perfec(야외)\KakaoTalk_20240531_171034952_08.jpg","4034297","2024-05-31 18:00:44"
"D:\01_사업_및_업무\디에스종합환경\ai학습용 1차\안티그래피티 참고용 샘플자료\05_EXTERIOR_CLEAN\after perfec(야외)\KakaoTalk_20240531_171034952_09.jpg","4214931","2024-05-31 18:00:44"
"D:\01_사업_및_업무\디에스종합환경\ai학습용 1차\안티그래피티 참고용 샘플자료\05_EXTERIOR_CLEAN\after perfec(야외)\KakaoTalk_20240531_171034952_07.jpg","3322084","2024-05-31 18:00:44"
"D:\01_사업_및_업무\디에스종합환경\ai학습용 1차\안티그래피티 참고용 샘플자료\05_EXTERIOR_CLEAN\before(야외)\KakaoTalk_20240531_170952218.jpg","4399854","2024-05-31 18:00:10"
"D:\01_사업_및_업무\디에스종합환경\ai학습용 1차\안티그래피티 참고용 샘플자료\05_EXTERIOR_CLEAN\before(야외)\KakaoTalk_20240531_170952218_07.jpg","4243518","2024-05-31 18:00:14"
